{"type":"FeatureCollection","features":[{"type":"Feature","geometry":{"type":"Polygon","coordinates":[[[121.62654306889308,23.997285391753358],[121.62528691233521,23.998191444643684],[121.62317756172321,23.999712848558776],[121.62238480375348,23.998777995713159],[121.6216372155412,23.998560578078056],[121.62175946680861,23.998191674809313],[121.62203143110091,23.997370997418237],[121.62133705598283,23.997128867791307],[121.62141269777887,23.996942988153169],[121.62224648292012,23.994511257632233],[121.6261524229575,23.991710301008677],[121.62819530514858,23.994115849642295],[121.62923688125785,23.995342290764992],[121.62654306889308,23.997285391753358]]]},"properties":{"TOWN":"花蓮市","VILL":"民政里","FULL_":"花蓮縣花蓮市民政里"}},{"type":"Feature","geometry":{"type":"Polygon","coordinates":[[[121.60767531908839,23.977444100374399],[121.60730714448972,23.977539644769408],[121.60678923349136,23.977729863629481],[121.60640734755988,23.977812913946899],[121.6060528513548,23.977914673025687],[121.60597439781714,23.977929060411899],[121.60814758118983,23.975113994975228],[121.609281247658,23.973645423464458],[121.6093075822702,23.974599030437126],[121.60994121878055,23.975008562674649],[121.60900283407102,23.976208623748096],[121.60882812519824,23.976481282040627],[121.60853380400549,23.976835269789646],[121.60814761745026,23.977109151426447],[121.60767531908839,23.977444100374399]]]},"properties":{"TOWN":"花蓮市","VILL":"主商里","FULL_":"花蓮縣花蓮市主商里"}},{"type":"Feature","geometry":{"type":"Polygon","coordinates":[[[121.63338958001006,23.987542899860699],[121.63395332793236,23.988982242042702],[121.6344802960006,23.988781400431666],[121.63487551909439,23.989618302148671],[121.63584644082501,23.991674230464536],[121.63646122716857,23.992941496404985],[121.63314844302357,23.992532220726105],[121.63172722184666,23.992356614063688],[121.63198612076681,23.990454823861121],[121.63100873094186,23.990362052150051],[121.63042089622969,23.989625298547182],[121.63314836660763,23.987712102879659],[121.63338958001006,23.987542899860699]]]},"properties":{"TOWN":"花蓮市","VILL":"民樂里","FULL_":"花蓮縣花蓮市民樂里"}},{"type":"Feature","geometry":{"type":"Polygon","coordinates":[[[121.60597439781714,23.977929060411899],[121.60577321087588,23.977965955642567],[121.60532973910182,23.978017885085539],[121.60487926565231,23.978032205975857],[121.6046111006322,23.978006956147109],[121.60594586248659,23.976308579013558],[121.60697709861114,23.974996376688996],[121.60798762316094,23.973710497685808],[121.60814755253396,23.973506987191222],[121.60839728891325,23.973189193743444],[121.60896294270705,23.972469385312866],[121.60978068777766,23.972980860498225],[121.60962409011036,23.973189232515747],[121.609281247658,23.973645423464458],[121.60814758118983,23.975113994975228],[121.60597439781714,23.977929060411899]]]},"properties":{"TOWN":"花蓮市","VILL":"主勤里","FULL_":"花蓮縣花蓮市主勤里"}},{"type":"Feature","geometry":{"type":"Polygon","coordinates":[[[121.63172722184666,23.992356614063688],[121.63079757724822,23.992237246770742],[121.62819530514858,23.994115849642295],[121.6261524229575,23.991710301008677],[121.62192793969923,23.986735474705004],[121.62753632524245,23.982672125375036],[121.62932131761643,23.983911122696121],[121.63087339116917,23.984970213776652],[121.63251167680099,23.986265881619126],[121.63314835455698,23.986932249064804],[121.63315183851786,23.98693589513082],[121.63338958001006,23.987542899860699],[121.63314836660763,23.987712102879659],[121.63042089622969,23.989625298547182],[121.63100873094186,23.990362052150051],[121.63198612076681,23.990454823861121],[121.63172722184666,23.992356614063688]]]},"properties":{"TOWN":"花蓮市","VILL":"民立里","FULL_":"花蓮縣花蓮市民立里"}},{"type":"Feature","geometry":{"type":"Polygon","coordinates":[[[121.63646122716857,23.992941496404985],[121.63653712664259,23.993097942949998],[121.63655973793978,23.993393585544133],[121.63647915193022,23.994150101914567],[121.63628159591039,23.995469226871236],[121.63610341619201,23.996657335800542],[121.6360014616624,23.997404910213014],[121.63600883596359,23.997470347694108],[121.63598761432559,23.997676838853913],[121.63314852487981,23.997353540054966],[121.63070906144111,23.997075704852552],[121.62923688125785,23.995342290764992],[121.62819530514858,23.994115849642295],[121.63079757724822,23.992237246770742],[121.63172722184666,23.992356614063688],[121.63314844302357,23.992532220726105],[121.63646122716857,23.992941496404985]]]},"properties":{"TOWN":"花蓮市","VILL":"民運里","FULL_":"花蓮縣花蓮市民運里"}},{"type":"Feature","geometry":{"type":"Polygon","coordinates":[[[121.61367050036358,23.97618069287962],[121.61357365466711,23.97775724879849],[121.61318301655893,23.978482996416965],[121.61200892771335,23.977752848853111],[121.60990443269364,23.976344805789278],[121.60900283407102,23.976208623748096],[121.60994121878055,23.975008562674649],[121.61091121457096,23.973768048137973],[121.61155590639484,23.974222069264478],[121.61239847588541,23.974764331034518],[121.61245241237452,23.974728505274637],[121.61367050036358,23.97618069287962]]]},"properties":{"TOWN":"花蓮市","VILL":"民族里","FULL_":"花蓮縣花蓮市民族里"}},{"type":"Feature","geometry":{"type":"Polygon","coordinates":[[[121.60697709861114,23.974996376688996],[121.60594586248659,23.976308579013558],[121.60508584379502,23.975756112162905],[121.60327454995593,23.975549193378548],[121.60431048260631,23.974221933739518],[121.60497829178496,23.974658512238733],[121.60547029507073,23.974027437603283],[121.60697709861114,23.974996376688996]]]},"properties":{"TOWN":"花蓮市","VILL":"主信里","FULL_":"花蓮縣花蓮市主信里"}},{"type":"Feature","geometry":{"type":"Polygon","coordinates":[[[121.60547029507073,23.974027437603283],[121.60497829178496,23.974658512238733],[121.60431048260631,23.974221933739518],[121.60327454995593,23.975549193378548],[121.60229781166885,23.975437603702158],[121.60270184550112,23.974917711889219],[121.60404466134693,23.973189799700485],[121.604104802767,23.973112409642464],[121.60461482543062,23.972456105748002],[121.605745235695,23.973189558731193],[121.60599644878552,23.973352551987865],[121.60547029507073,23.974027437603283]]]},"properties":{"TOWN":"花蓮市","VILL":"主睦里","FULL_":"花蓮縣花蓮市主睦里"}},{"type":"Feature","geometry":{"type":"Polygon","coordinates":[[[121.60929067605831,23.981262014213065],[121.60856996441905,23.982159323718193],[121.60814770899239,23.981874910664633],[121.60781156492278,23.981648497823592],[121.60713222164048,23.982536119086397],[121.60578173165412,23.981627550385813],[121.60316883805173,23.979928208438686],[121.60453839554206,23.978099466634514],[121.60814768188776,23.980501403604826],[121.60929067605831,23.981262014213065]]]},"properties":{"TOWN":"花蓮市","VILL":"國威里","FULL_":"花蓮縣花蓮市國威里"}},{"type":"Feature","geometry":{"type":"Polygon","coordinates":[[[121.60798762316094,23.973710497685808],[121.60697709861114,23.974996376688996],[121.60547029507073,23.974027437603283],[121.60599644878552,23.973352551987865],[121.60612103785824,23.973189501499576],[121.60648438231301,23.972713990514254],[121.6072014396169,23.973189336011348],[121.60798762316094,23.973710497685808]]]},"properties":{"TOWN":"花蓮市","VILL":"主義里","FULL_":"花蓮縣花蓮市主義里"}},{"type":"Feature","geometry":{"type":"Polygon","coordinates":[[[121.61070079634362,23.979429000942957],[121.60929067605831,23.981262014213065],[121.60814768188776,23.980501403604826],[121.60453839554206,23.978099466634514],[121.6046111006322,23.978006956147109],[121.60487926565231,23.978032205975857],[121.60532973910182,23.978017885085539],[121.60577321087588,23.977965955642567],[121.60597439781714,23.977929060411899],[121.6060528513548,23.977914673025687],[121.60640734755988,23.977812913946899],[121.60678923349136,23.977729863629481],[121.60730714448972,23.977539644769408],[121.60767531908839,23.977444100374399],[121.60814762972092,23.977753973401914],[121.61070079634362,23.979429000942957]]]},"properties":{"TOWN":"花蓮市","VILL":"國治里","FULL_":"花蓮縣花蓮市國治里"}},{"type":"Feature","geometry":{"type":"Polygon","coordinates":[[[121.63123959305432,24.007588856064448],[121.62985600677609,24.008471075919537],[121.629163332505,24.008732896075486],[121.62821004108619,24.008916096927624],[121.62742887941155,24.008819689790894],[121.61831202094145,24.006235093774194],[121.61962480049969,24.002275192797182],[121.62317756172321,23.999712848558776],[121.62528691233521,23.998191444643684],[121.62654306889308,23.997285391753358],[121.62740814895102,23.998191268298957],[121.62838996848012,23.999219370998592],[121.62854853122715,23.999218721095023],[121.62876884388383,23.999374695880739],[121.62892882370359,23.999665387168697],[121.62899138813201,23.999990093671862],[121.62899405792312,24.000539158994297],[121.62927382834006,24.001712853017544],[121.62928776700406,24.00222755372404],[121.62931441856173,24.003004835685889],[121.62939666179172,24.003456225715059],[121.62972796781364,24.004858633186764],[121.63006095497003,24.005723951259611],[121.63033523352181,24.006274350046827],[121.63083957005936,24.007099567068124],[121.63123959305432,24.007588856064448]]]},"properties":{"TOWN":"花蓮市","VILL":"民享里","FULL_":"花蓮縣花蓮市民享里"}},{"type":"Feature","geometry":{"type":"Polygon","coordinates":[[[121.60450736540406,23.983260868624452],[121.6013213839028,23.983870059673983],[121.60099554925043,23.982502884876677],[121.60084535026708,23.981872656281823],[121.60081041642225,23.98174034912612],[121.6007688808768,23.981664830286338],[121.60040115071122,23.980964318446375],[121.60051784814877,23.980859759694248],[121.60090562640865,23.980763118965459],[121.60274449049878,23.979644158546385],[121.60316883805173,23.979928208438686],[121.60578173165412,23.981627550385813],[121.60450736540406,23.983260868624452]]]},"properties":{"TOWN":"花蓮市","VILL":"國華里","FULL_":"花蓮縣花蓮市國華里"}},{"type":"Feature","geometry":{"type":"Polygon","coordinates":[[[121.60334858463661,23.997795073301347],[121.60258272469061,23.998147903016122],[121.60250058343726,23.998192630707525],[121.60227424570698,23.99831587876966],[121.59829580718872,24.000499717057469],[121.59632694503286,23.998193305986913],[121.59551857149181,23.997246309293722],[121.59454750546152,23.996072561487264],[121.59946526807754,23.989693682953927],[121.60334858463661,23.997795073301347]]]},"properties":{"TOWN":"花蓮市","VILL":"國裕里","FULL_":"花蓮縣花蓮市國裕里"}},{"type":"Feature","geometry":{"type":"Polygon","coordinates":[[[121.59946526807754,23.989693682953927],[121.59454750546152,23.996072561487264],[121.59160018083062,23.99274497579782],[121.59105312079576,23.9921341299316],[121.59045222051658,23.991265405781533],[121.58990922981995,23.990368925196698],[121.59066879235819,23.98991445462871],[121.59103559522349,23.989698217307176],[121.59134871221599,23.990153944548602],[121.59158132767007,23.990495744253906],[121.59191753806063,23.990987608364197],[121.59232747183756,23.991595110959118],[121.59244199475272,23.991761375898829],[121.59244377461323,23.991763961324821],[121.59248842320658,23.991810713925119],[121.59262107956182,23.991542159612802],[121.5927438468963,23.991293623356771],[121.59291565153806,23.990958407032327],[121.59306152419269,23.990647949707199],[121.59331031378538,23.990139046296083],[121.59340066663526,23.989973462137403],[121.59354414950845,23.989692069766317],[121.59359486563064,23.989606193007997],[121.59366335766869,23.989520249237739],[121.59377167174092,23.989395398584911],[121.59389336034636,23.98928068108102],[121.59402950244609,23.989176930431814],[121.59419786913966,23.989066112229558],[121.59430421562261,23.988998386146868],[121.59442839406135,23.988942827344125],[121.5946036282087,23.988876857529011],[121.59478990656274,23.988796579355917],[121.59491416598252,23.988759375440313],[121.59496740918273,23.988740802497986],[121.59500962391236,23.988740639646949],[121.59504522252351,23.988750703712928],[121.59511629390963,23.98874430613867],[121.59521838960545,23.988719423524483],[121.59527826120811,23.98869267223137],[121.59535045649842,23.988685348299676],[121.59542818636071,23.988676885026592],[121.59549027885129,23.98865011509805],[121.59560784385675,23.988606823803945],[121.59573262222905,23.988527433403124],[121.59579173611489,23.988489830778136],[121.59604209747923,23.98833176608769],[121.59615066337729,23.988264032827392],[121.59621488553366,23.988216857228224],[121.59625479750588,23.988198345594256],[121.59627701330496,23.988198259234032],[121.59628592097857,23.988202306735609],[121.59640232772841,23.98811316784548],[121.59651620182203,23.988025962853733],[121.59733288254759,23.987421238067544],[121.59765619444231,23.987183349718958],[121.59767844866975,23.987191414626658],[121.59797604500402,23.987161695222209],[121.59805439537067,23.987201005650473],[121.59946526807754,23.989693682953927]]]},"properties":{"TOWN":"花蓮市","VILL":"國富里","FULL_":"花蓮縣花蓮市國富里"}},{"type":"Feature","geometry":{"type":"Polygon","coordinates":[[[121.61519160961878,23.981907180126633],[121.61517000054744,23.984604713709324],[121.61502315496556,23.984481257828765],[121.61370448540011,23.983352021137485],[121.61357126355189,23.98339439556236],[121.61307352517841,23.981964136036986],[121.61332928003885,23.981875605905884],[121.61325425252248,23.981779339799289],[121.61306098624465,23.981391836349644],[121.61291379102485,23.981074507214586],[121.61286982421868,23.980992307180568],[121.61282012147045,23.98091966493427],[121.61273792228774,23.980831730494735],[121.61253146637732,23.980661595927664],[121.61195587731402,23.980273151887186],[121.61070079634362,23.979429000942957],[121.60814762972092,23.977753973401914],[121.60767531908839,23.977444100374399],[121.60814761745026,23.977109151426447],[121.60853380400549,23.976835269789646],[121.60882812519824,23.976481282040627],[121.60900283407102,23.976208623748096],[121.60990443269364,23.976344805789278],[121.61200892771335,23.977752848853111],[121.61318301655893,23.978482996416965],[121.61349092709759,23.979572367615173],[121.61382900220917,23.979545120435333],[121.61406911095612,23.979660691164209],[121.61422583759875,23.980022608148428],[121.61421383357751,23.980462889108285],[121.61423025838511,23.980954847110109],[121.61431658913668,23.98132999186797],[121.61459983788454,23.981626662858563],[121.61519160961878,23.981907180126633]]]},"properties":{"TOWN":"花蓮市","VILL":"民生里","FULL_":"花蓮縣花蓮市民生里"}},{"type":"Feature","geometry":{"type":"Polygon","coordinates":[[[121.604104802767,23.973112409642464],[121.60404466134693,23.973189799700485],[121.60270184550112,23.974917711889219],[121.60199505558568,23.974468200128847],[121.60173000346896,23.974817630557226],[121.59926616548944,23.973197737192493],[121.59937698507923,23.973051190835022],[121.59906279327845,23.972671579007244],[121.59886287747068,23.972451958220386],[121.59936162684164,23.971989538725204],[121.59898482654705,23.971714952316429],[121.60028676072538,23.970606411682017],[121.604104802767,23.973112409642464]]]},"properties":{"TOWN":"花蓮市","VILL":"主學里","FULL_":"花蓮縣花蓮市主學里"}},{"type":"Feature","geometry":{"type":"Polygon","coordinates":[[[121.60478575609048,23.997132957827304],[121.60334858463661,23.997795073301347],[121.59946526807754,23.989693682953927],[121.59805439537067,23.987201005650473],[121.59797604500402,23.987161695222209],[121.59773222220223,23.986692068370331],[121.59758872583672,23.986409090549767],[121.59747701941727,23.98618800805972],[121.59756424681684,23.986210214356362],[121.59839831946182,23.986422538357399],[121.59872773349501,23.986542113234307],[121.60066361142954,23.987011942642923],[121.60145367881545,23.987184094781316],[121.60211200895216,23.987314457913893],[121.60309512343485,23.987554301639442],[121.60425984968377,23.987841836717237],[121.60546753272411,23.98804288357648],[121.60620485179268,23.988099723353791],[121.60494942431532,23.993207913518646],[121.60424833185111,23.99605139746178],[121.60478575609048,23.997132957827304]]]},"properties":{"TOWN":"花蓮市","VILL":"國聯里","FULL_":"花蓮縣花蓮市國聯里"}},{"type":"Feature","geometry":{"type":"Polygon","coordinates":[[[121.60461482543062,23.972456105748002],[121.604104802767,23.973112409642464],[121.60028676072538,23.970606411682017],[121.60159610322621,23.969491533238585],[121.60214363295729,23.968941788336437],[121.60259899102533,23.968287096756065],[121.60633807410125,23.963275708764019],[121.60635885479653,23.963247856226154],[121.6064946708584,23.963215277480018],[121.60663677121835,23.963185822290161],[121.60689840064347,23.963145464731213],[121.60733856851895,23.963061628764816],[121.60756109341138,23.96300409128396],[121.60772454580272,23.962965295573326],[121.60778118660451,23.9629650704243],[121.60783665940866,23.962983343648492],[121.60814694100381,23.963092398340176],[121.60860209509536,23.963065745017374],[121.60870656376679,23.963061655885468],[121.60872637943203,23.963060880248587],[121.60887470858111,23.963055073966263],[121.60920371583104,23.963040333071188],[121.60961947035337,23.963055830064437],[121.60966260888075,23.963145463027832],[121.60982827857565,23.963439837480259],[121.60994230112325,23.963608890158628],[121.61014257482452,23.963747443966113],[121.61024540195577,23.963896939246954],[121.61043995484867,23.964162755028134],[121.61064114626717,23.964374640268343],[121.61081582423304,23.964618575401726],[121.61090502838429,23.964749713720348],[121.61116417209337,23.965082277667502],[121.61130599316739,23.965277594870532],[121.61061181232169,23.965774600428421],[121.60879732006509,23.967073703742397],[121.60814727552821,23.967910274960353],[121.60461482543062,23.972456105748002]]]},"properties":{"TOWN":"花蓮市","VILL":"主和里","FULL_":"花蓮縣花蓮市主和里"}},{"type":"Feature","geometry":{"type":"Polygon","coordinates":[[[121.60316883805173,23.979928208438686],[121.60274449049878,23.979644158546385],[121.60090562640865,23.980763118965459],[121.60051784814877,23.980859759694248],[121.60040115071122,23.980964318446375],[121.6007688808768,23.981664830286338],[121.60081041642225,23.98174034912612],[121.60071091324707,23.981706839292119],[121.60022561239553,23.98105309392027],[121.60007291647285,23.980847395962861],[121.59990434379897,23.9809602185614],[121.59968538912389,23.980662434245431],[121.59939751450828,23.980740409999331],[121.5994193130291,23.980898454398922],[121.59915227353352,23.980956585035404],[121.59911641223131,23.980823680622365],[121.59902056818025,23.980466847981731],[121.59876402266167,23.97957176034442],[121.59845974802062,23.979737421969173],[121.59818251884185,23.979855751764891],[121.59797290577362,23.979933509984424],[121.59771258248406,23.980011270452046],[121.59735759350407,23.980099172371183],[121.59478635419946,23.98070852049317],[121.59473733723185,23.980720742922298],[121.59462773782003,23.98049879660612],[121.59428571706171,23.979821877944094],[121.5941103963662,23.979491425431306],[121.59381604510494,23.978951666180862],[121.59372379657296,23.978732595511158],[121.59336869917031,23.978047769405588],[121.5931310059057,23.977562578283003],[121.5928580038659,23.977017216606153],[121.59301530320981,23.976975368429041],[121.59427952412172,23.976639026937551],[121.59499448849765,23.975998182451008],[121.59606985781193,23.976402619764045],[121.59725168511574,23.976645215117298],[121.59885211810347,23.976913636072116],[121.60085437775574,23.977294906007753],[121.60090030564979,23.977321112387322],[121.6009591569278,23.977349697011217],[121.60102641629391,23.977369874932549],[121.60117438616275,23.977403504451221],[121.60132067404655,23.977428726041257],[121.60139465937685,23.977435452722666],[121.60153590221192,23.977432089154917],[121.60159475436669,23.977438815473356],[121.60296965668691,23.977719714158091],[121.60315910915632,23.977737515654933],[121.60327608720844,23.977750230374522],[121.60336636207963,23.97776548791493],[121.60370076484693,23.977845592168567],[121.60373127986361,23.977843049551105],[121.6037605251037,23.977834148097216],[121.60388083155344,23.977674834511035],[121.60453839554206,23.978099466634514],[121.60316883805173,23.979928208438686]]]},"properties":{"TOWN":"花蓮市","VILL":"國風里","FULL_":"花蓮縣花蓮市國風里"}},{"type":"Feature","geometry":{"type":"Polygon","coordinates":[[[121.62753632524245,23.982672125375036],[121.62192793969923,23.986735474705004],[121.61985512381816,23.984285027886123],[121.61789008410287,23.982060435896688],[121.61672884396314,23.982234973861548],[121.61604252369776,23.982310530542165],[121.61519160961878,23.981907180126633],[121.61459983788454,23.981626662858563],[121.61509335729308,23.98168942381665],[121.61568508838744,23.981661154381861],[121.61616408547675,23.981633335477028],[121.61658603747355,23.981463317004472],[121.6171768425977,23.981240825551779],[121.6175135620356,23.980928718261165],[121.61784972399506,23.980500081026801],[121.61801709517951,23.9801368636791],[121.61832408155414,23.9795011749789],[121.6184917573126,23.979202694687704],[121.61880059576713,23.978955437627761],[121.61922191556563,23.97865593428094],[121.61975559445672,23.978278287444546],[121.62027493093757,23.977848905001757],[121.62082410623388,23.977373281419524],[121.62093801467464,23.977448544276974],[121.62134028530491,23.977462084060367],[121.62157326916693,23.977579062384162],[121.62218549879276,23.977868740323842],[121.62282139888748,23.977427722866846],[121.62454569963823,23.976231864235313],[121.62658397075067,23.973719635151504],[121.62659043094796,23.973739204040921],[121.62664267108535,23.97436109032644],[121.62704325293646,23.975416582416994],[121.62752781973087,23.976876946726268],[121.62671929919748,23.977668944551745],[121.62469207666396,23.979338577447809],[121.62393865287603,23.98002558654046],[121.62404240797163,23.980379597463894],[121.62479775033484,23.980879862742444],[121.62610434665245,23.981678129207776],[121.62753632524245,23.982672125375036]]]},"properties":{"TOWN":"花蓮市","VILL":"民德里","FULL_":"花蓮縣花蓮市民德里"}},{"type":"Feature","geometry":{"type":"Polygon","coordinates":[[[121.6046111006322,23.978006956147109],[121.60453839554206,23.978099466634514],[121.60388083155344,23.977674834511035],[121.6037605251037,23.977834148097216],[121.60373127986361,23.977843049551105],[121.60370076484693,23.977845592168567],[121.60336636207963,23.97776548791493],[121.60327608720844,23.977750230374522],[121.60315910915632,23.977737515654933],[121.60296965668691,23.977719714158091],[121.60159475436669,23.977438815473356],[121.60153590221192,23.977432089154917],[121.60139465937685,23.977435452722666],[121.60132067404655,23.977428726041257],[121.60117438616275,23.977403504451221],[121.60102641629391,23.977369874932549],[121.6009591569278,23.977349697011217],[121.60090030564979,23.977321112387322],[121.60085437775574,23.977294906007753],[121.60229781166885,23.975437603702158],[121.60327454995593,23.975549193378548],[121.60508584379502,23.975756112162905],[121.60594586248659,23.976308579013558],[121.6046111006322,23.978006956147109]]]},"properties":{"TOWN":"花蓮市","VILL":"主工里","FULL_":"花蓮縣花蓮市主工里"}},{"type":"Feature","geometry":{"type":"Polygon","coordinates":[[[121.60438508347272,23.96361432645536],[121.59739206188272,23.971275486214882],[121.59690926958143,23.971807372750067],[121.59539759716594,23.970395730569152],[121.5950853609298,23.970695655583583],[121.59368908002389,23.969452153178999],[121.59366864375174,23.969433953341245],[121.59403214477514,23.969129434581728],[121.5941678411494,23.969015755191887],[121.59462426578868,23.968625495252574],[121.59499550886017,23.968326902682822],[121.59502073615219,23.968306969345978],[121.59512344276415,23.968225811390244],[121.59548712513092,23.96792610024858],[121.59561001384981,23.967822716634124],[121.59604768825113,23.967463737735471],[121.59611918407981,23.96740796517301],[121.59658824155925,23.967030371792955],[121.59705604392077,23.966653936732314],[121.59753012525402,23.966275155300721],[121.59784991209442,23.966013757365804],[121.59798914819309,23.96590799670933],[121.59814222607713,23.965801027144575],[121.59832040436676,23.96567777730376],[121.59845340080187,23.965583616100481],[121.59850110597922,23.965555674975313],[121.59863924690208,23.965485753441147],[121.59870710139629,23.965460054195262],[121.59879879971785,23.965418081424414],[121.59885657408201,23.965390099103679],[121.59894323900396,23.9653492917015],[121.59905252110232,23.965299160830874],[121.59914669271302,23.965247912349025],[121.59924590724745,23.965197810706805],[121.59929989178643,23.965167531519491],[121.5993913772562,23.965080466073356],[121.59950424967954,23.96498983986822],[121.59960580370435,23.964901570194602],[121.59969360664446,23.964834166682664],[121.59974128692782,23.964801600474985],[121.5998003214924,23.964773625521619],[121.59992098417585,23.964735003446034],[121.60012337691343,23.964677553536877],[121.60036219853401,23.964603771380091],[121.60048163631735,23.964572089052933],[121.60072550921682,23.964501755627353],[121.60108878620039,23.964392810984027],[121.60121953874213,23.964358756030816],[121.60181410340728,23.964180681063056],[121.60196620297985,23.964135000554716],[121.60271034520717,23.963911232421882],[121.60291657875307,23.963867633665615],[121.60324108280727,23.963813175389131],[121.60343351637863,23.963780042742702],[121.60411393948061,23.963659425067917],[121.60438435981243,23.96361443223838],[121.60438508347272,23.96361432645536]]]},"properties":{"TOWN":"花蓮市","VILL":"主農里","FULL_":"花蓮縣花蓮市主農里"}},{"type":"Feature","geometry":{"type":"Polygon","coordinates":[[[121.60229781166885,23.975437603702158],[121.60085437775574,23.977294906007753],[121.59885211810347,23.976913636072116],[121.59725168511574,23.976645215117298],[121.59606985781193,23.976402619764045],[121.59499448849765,23.975998182451008],[121.59630316200209,23.974825153640555],[121.59641005205448,23.974726055448997],[121.59854262708254,23.972748881257743],[121.59886287747068,23.972451958220386],[121.59906279327845,23.972671579007244],[121.59937698507923,23.973051190835022],[121.59926616548944,23.973197737192493],[121.60173000346896,23.974817630557226],[121.60199505558568,23.974468200128847],[121.60270184550112,23.974917711889219],[121.60229781166885,23.975437603702158]]]},"properties":{"TOWN":"花蓮市","VILL":"主力里","FULL_":"花蓮縣花蓮市主力里"}},{"type":"Feature","geometry":{"type":"Polygon","coordinates":[[[121.60682828249681,23.985255440021842],[121.60638705428958,23.984962518692285],[121.60580027586772,23.984582781250754],[121.60573866095442,23.98467421011377],[121.60572872282249,23.984713962732833],[121.60570554153135,23.985331109087184],[121.60569644178433,23.985378881787664],[121.60568506784698,23.985415279381769],[121.60566383566562,23.98544864414562],[121.60564032869743,23.985469876248146],[121.6056015173962,23.985477197800599],[121.60555779023738,23.985471234141311],[121.60544847338822,23.985443408584096],[121.60534717935198,23.98541384205063],[121.60524724128955,23.985371607470931],[121.60516217028692,23.985325419857194],[121.60494479555855,23.985612588632055],[121.60478808523885,23.985507947098437],[121.60443996672757,23.985920755307649],[121.60377938535144,23.985466470977531],[121.60349753396682,23.985728575285133],[121.6036226580752,23.985892400103953],[121.60376832180802,23.986073097302295],[121.60390661121561,23.986226136975045],[121.6040439917841,23.986390314069308],[121.60404328223937,23.98639115568124],[121.60449040605818,23.986779937618675],[121.60454484440793,23.986878908541907],[121.60425191136314,23.987723141423508],[121.60425984968377,23.987841836717237],[121.60309512343485,23.987554301639442],[121.60211200895216,23.987314457913893],[121.60145367881545,23.987184094781316],[121.60450736540406,23.983260868624452],[121.60578173165412,23.981627550385813],[121.60713222164048,23.982536119086397],[121.60741411398037,23.982721207282889],[121.60712233300293,23.983077478413328],[121.60706189455344,23.983926051399081],[121.60710545432296,23.984057402763806],[121.60688635260055,23.984650130155082],[121.60682828249681,23.985255440021842]]]},"properties":{"TOWN":"花蓮市","VILL":"國安里","FULL_":"花蓮縣花蓮市國安里"}},{"type":"Feature","geometry":{"type":"Polygon","coordinates":[[[121.64152051874332,24.020817411509668],[121.63868530977756,24.02250507296926],[121.63744225268189,24.023283535113478],[121.63649240879401,24.023878335960429],[121.63638920681883,24.023968722324781],[121.63626183078473,24.024073213262874],[121.63617689924284,24.024134089404942],[121.63609951495441,24.024196096221701],[121.63601212010049,24.024285604083584],[121.63586598889449,24.024418795039107],[121.63577983538138,24.024495729910313],[121.63568618694094,24.024583014372723],[121.63561873745444,24.024654183169133],[121.63552761106591,24.024742630866196],[121.63543144033775,24.024844817457289],[121.63537026046842,24.024939008918949],[121.63524040756189,24.025051537136068],[121.63516418672248,24.025137658301599],[121.63504183805603,24.025276626075829],[121.63497569674452,24.025367300317036],[121.63490951193126,24.025449937841703],[121.63483954612455,24.025521135691083],[121.63475215392246,24.02561074125564],[121.63467977271384,24.025685361166087],[121.63458858013462,24.025777223424061],[121.63450492462448,24.02585191433085],[121.6344200387711,24.025940329216411],[121.63431760248335,24.026037934382625],[121.63422773382186,24.02611823179862],[121.63415653346081,24.026186002463586],[121.63406536624464,24.026300815571663],[121.63396424465209,24.026403017235719],[121.63385930424569,24.026520147220012],[121.63377937745256,24.026612068035725],[121.63366205974398,24.026717680911549],[121.6335821577341,24.026814108888139],[121.63346727830495,24.026939312970146],[121.63337885355035,24.027027830409168],[121.6332033349338,24.026948478914207],[121.63320129748286,24.026947558233207],[121.63314567542616,24.026922413426497],[121.63299092320879,24.026875630774661],[121.63266911706798,24.02673242101779],[121.63247347074375,24.026637257729032],[121.6319660508415,24.026389577575653],[121.63179558122265,24.026291997170599],[121.63151149703862,24.026135899120177],[121.63123120923703,24.025983261120373],[121.63110871897273,24.025912071363503],[121.63075502198446,24.025681109658944],[121.63054282913475,24.025547845618362],[121.63027628093126,24.025370868902115],[121.6302193804428,24.025321379274377],[121.63007392580568,24.02518668518627],[121.62972099515986,24.024849324298543],[121.62967355756255,24.024803223040454],[121.62964163587229,24.024772199941051],[121.6296713673207,24.024281373294635],[121.62967517514753,24.024165254996831],[121.62967136783409,24.024081497886002],[121.62963900703684,24.023999644090605],[121.62956476747728,24.023904465550967],[121.62948342296012,24.023795202646625],[121.6276071160181,24.021452214330765],[121.62469121294912,24.017863352491833],[121.61912276914309,24.011812174739323],[121.61763858345513,24.010199323409637],[121.61763541189468,24.010112731590233],[121.61763676705942,24.009859483788215],[121.61764065144764,24.009608536362542],[121.61765866865017,24.009418822285046],[121.61766927705816,24.009261520428886],[121.61763476739016,24.008875433941611],[121.61760462894011,24.008618835841069],[121.61756110693854,24.008464061732333],[121.61748331074847,24.008249297420303],[121.61737283557933,24.008047379616759],[121.61732964794511,24.007965452693409],[121.61730536755209,24.007888068061884],[121.61722911735498,24.007735738008851],[121.61718975029405,24.007663046991219],[121.61714137805043,24.007548762110432],[121.61709303605016,24.007441416945522],[121.61706119973822,24.007388836144962],[121.61708238325083,24.00736947891226],[121.61748211094788,24.007004197734506],[121.61831202094145,24.006235093774194],[121.62742887941155,24.008819689790894],[121.62821004108619,24.008916096927624],[121.629163332505,24.008732896075486],[121.62985600677609,24.008471075919537],[121.63123959305432,24.007588856064448],[121.6331480825845,24.009820570073131],[121.63394648210979,24.010754157339274],[121.63758713190995,24.015257137820026],[121.63754098658545,24.015751302881196],[121.63755199213253,24.015945152485788],[121.64109187739777,24.020291156850035],[121.64152051874332,24.020817411509668]]]},"properties":{"TOWN":"花蓮市","VILL":"民心里","FULL_":"花蓮縣花蓮市民心里"}},{"type":"Feature","geometry":{"type":"Polygon","coordinates":[[[121.60450736540406,23.983260868624452],[121.60145367881545,23.987184094781316],[121.60066361142954,23.987011942642923],[121.59872773349501,23.986542113234307],[121.59839831946182,23.986422538357399],[121.59756424681684,23.986210214356362],[121.59747701941727,23.98618800805972],[121.59727020441449,23.985778697066031],[121.59731693154075,23.985767382040045],[121.59903738005588,23.985350492718482],[121.59867797901656,23.984982698226425],[121.59819794561207,23.984498002786317],[121.59721460125228,23.984701766486005],[121.59683208580634,23.984793974017936],[121.59679236371078,23.984803544274477],[121.59640646132419,23.984039040012764],[121.59617293046119,23.98356661546746],[121.59582205544484,23.982857825725372],[121.59544884901254,23.98213892858745],[121.59511556243126,23.981473950970226],[121.59494018526816,23.98113152875494],[121.59473733723185,23.980720742922298],[121.59478635419946,23.98070852049317],[121.59735759350407,23.980099172371183],[121.59771258248406,23.980011270452046],[121.59797290577362,23.979933509984424],[121.59818251884185,23.979855751764891],[121.59845974802062,23.979737421969173],[121.59876402266167,23.97957176034442],[121.59902056818025,23.980466847981731],[121.59911641223131,23.980823680622365],[121.59915227353352,23.980956585035404],[121.5994193130291,23.980898454398922],[121.59939751450828,23.980740409999331],[121.59968538912389,23.980662434245431],[121.59990434379897,23.9809602185614],[121.60007291647285,23.980847395962861],[121.60022561239553,23.98105309392027],[121.60071091324707,23.981706839292119],[121.60081041642225,23.98174034912612],[121.60084535026708,23.981872656281823],[121.60099554925043,23.982502884876677],[121.6013213839028,23.983870059673983],[121.60450736540406,23.983260868624452]]]},"properties":{"TOWN":"花蓮市","VILL":"國魂里","FULL_":"花蓮縣花蓮市國魂里"}},{"type":"Feature","geometry":{"type":"Polygon","coordinates":[[[121.61765207961268,23.974950051075265],[121.61727713177442,23.975190189463053],[121.61507900778361,23.976597992708975],[121.61482851135088,23.976167094834221],[121.6147266182732,23.975920701902403],[121.61466571738947,23.975822225398407],[121.61444366149594,23.975724394262599],[121.61517322516453,23.975257877536819],[121.61443863291902,23.974319922425281],[121.61577647316878,23.973414097231178],[121.61593814083197,23.973304634131978],[121.61731645204381,23.974654452035953],[121.61765207961268,23.974950051075265]]]},"properties":{"TOWN":"花蓮市","VILL":"民有里","FULL_":"花蓮縣花蓮市民有里"}},{"type":"Feature","geometry":{"type":"Polygon","coordinates":[[[121.62134028530491,23.977462084060367],[121.62093801467464,23.977448544276974],[121.62082410623388,23.977373281419524],[121.62027493093757,23.977848905001757],[121.61975559445672,23.978278287444546],[121.61922191556563,23.97865593428094],[121.61880059576713,23.978955437627761],[121.6184917573126,23.979202694687704],[121.61832408155414,23.9795011749789],[121.61801709517951,23.9801368636791],[121.61784972399506,23.980500081026801],[121.6175135620356,23.980928718261165],[121.6171768425977,23.981240825551779],[121.61658603747355,23.981463317004472],[121.61616408547675,23.981633335477028],[121.61568508838744,23.981661154381861],[121.61509335729308,23.98168942381665],[121.61459983788454,23.981626662858563],[121.61431658913668,23.98132999186797],[121.61423025838511,23.980954847110109],[121.61421383357751,23.980462889108285],[121.61422583759875,23.980022608148428],[121.61406911095612,23.979660691164209],[121.61382900220917,23.979545120435333],[121.61349092709759,23.979572367615173],[121.61318301655893,23.978482996416965],[121.61357365466711,23.97775724879849],[121.61367050036358,23.97618069287962],[121.61444366149594,23.975724394262599],[121.61466571738947,23.975822225398407],[121.6147266182732,23.975920701902403],[121.61482851135088,23.976167094834221],[121.61507900778361,23.976597992708975],[121.61727713177442,23.975190189463053],[121.61765207961268,23.974950051075265],[121.6191126373002,23.976236409136302],[121.62037399790385,23.976976922019965],[121.62107020418253,23.977326480119672],[121.62134028530491,23.977462084060367]]]},"properties":{"TOWN":"花蓮市","VILL":"民權里","FULL_":"花蓮縣花蓮市民權里"}},{"type":"Feature","geometry":{"type":"Polygon","coordinates":[[[121.60896294270705,23.972469385312866],[121.60839728891325,23.973189193743444],[121.60814755253396,23.973506987191222],[121.60798762316094,23.973710497685808],[121.6072014396169,23.973189336011348],[121.60648438231301,23.972713990514254],[121.60612103785824,23.973189501499576],[121.60599644878552,23.973352551987865],[121.605745235695,23.973189558731193],[121.60461482543062,23.972456105748002],[121.60814727552821,23.967910274960353],[121.60879732006509,23.967073703742397],[121.61061181232169,23.965774600428421],[121.61130599316739,23.965277594870532],[121.61135881989262,23.965350348220976],[121.61158919816407,23.965684010144642],[121.61169061237472,23.965859893528158],[121.61181332121082,23.966031347976553],[121.61187784489981,23.966101529020797],[121.61209987772079,23.966383575944803],[121.61224991768313,23.966575688341091],[121.61238350835841,23.966802288491582],[121.61250945642963,23.9670585232744],[121.61263596436294,23.967210459524352],[121.61270157380864,23.967321988104644],[121.6127853616744,23.96752314263388],[121.61286342209115,23.967627850377283],[121.6129909671228,23.967826834582517],[121.61317188728572,23.968086840127441],[121.61331895611309,23.968352371185269],[121.61339400967795,23.968557967416299],[121.61344190128857,23.968709592281446],[121.61354987106243,23.968831626439293],[121.61359371501266,23.969018823772434],[121.61368625633717,23.969219934603021],[121.613805307817,23.969370626478231],[121.61388687832061,23.969531589982982],[121.61398205627725,23.969707487580042],[121.61410944731118,23.969924798956583],[121.6142862276144,23.970237366298619],[121.61372090552912,23.970287946297486],[121.61295360953422,23.970356598582221],[121.61249598226969,23.970311723549305],[121.61205522178797,23.970251211621786],[121.61144726689476,23.970219363477774],[121.6107842844542,23.97015161485627],[121.60896294270705,23.972469385312866]]]},"properties":{"TOWN":"花蓮市","VILL":"主計里","FULL_":"花蓮縣花蓮市主計里"}},{"type":"Feature","geometry":{"type":"Polygon","coordinates":[[[121.5928580038659,23.977017216606153],[121.59273633759982,23.976774169684774],[121.59196070718983,23.977255931592069],[121.59185388629761,23.977062503074563],[121.59134293692819,23.976137256152459],[121.59131898451524,23.976075480719945],[121.59017392856671,23.975581217967477],[121.58939975763734,23.974863529273922],[121.58943017622174,23.974863414240204],[121.58945181159169,23.974843377315601],[121.58946901199978,23.974803419858972],[121.58954922805238,23.974284459584858],[121.58954908380066,23.974252541612465],[121.58953033158124,23.97425075271882],[121.58818408693531,23.974122169697235],[121.58829278630729,23.974072072072794],[121.58829273904215,23.974061662388117],[121.58830146200472,23.974041963158324],[121.58838281300757,23.973936442000205],[121.58848315013063,23.973853963871392],[121.58859734485354,23.97377374221832],[121.58886582863933,23.973571531533249],[121.58909534525705,23.973382173283049],[121.58917433869564,23.973312497103034],[121.58929500873785,23.973190924834732],[121.58959325382826,23.972902196453351],[121.58973486108744,23.972759441055011],[121.58982391883062,23.972686493385108],[121.5898540100185,23.972661844250293],[121.58999574636806,23.972547991772036],[121.59025036250908,23.972342356647758],[121.5906880337715,23.971974144082033],[121.59103034143455,23.971674509335916],[121.5911519478968,23.97156419967455],[121.59147915928247,23.97126694081561],[121.59160707738209,23.971160074623555],[121.59193823948475,23.970902110382099],[121.59206490573611,23.970797560140969],[121.59213386750525,23.970737167154528],[121.59247617616475,23.970439839830238],[121.59263793717487,23.970301628796825],[121.59314707100188,23.969873000121552],[121.59365619953059,23.96944437883635],[121.59366864375174,23.969433953341245],[121.59368908002389,23.969452153178999],[121.5950853609298,23.970695655583583],[121.59539759716594,23.970395730569152],[121.59690926958143,23.971807372750067],[121.59616295810241,23.972629574463998],[121.59679527925012,23.973283083981944],[121.59612806857042,23.973835247110959],[121.59648765373502,23.97427857249421],[121.59620520211377,23.9745533204953],[121.59641005205448,23.974726055448997],[121.59630316200209,23.974825153640555],[121.59499448849765,23.975998182451008],[121.59427952412172,23.976639026937551],[121.59301530320981,23.976975368429041],[121.5928580038659,23.977017216606153]]]},"properties":{"TOWN":"花蓮市","VILL":"主權里","FULL_":"花蓮縣花蓮市主權里"}},{"type":"Feature","geometry":{"type":"Polygon","coordinates":[[[121.60805005959941,23.987633170451595],[121.60743262970252,23.987962084664176],[121.60654462431002,23.988131575293682],[121.60620485179268,23.988099723353791],[121.60546753272411,23.98804288357648],[121.60425984968377,23.987841836717237],[121.60425191136314,23.987723141423508],[121.60454484440793,23.986878908541907],[121.60449040605818,23.986779937618675],[121.60404328223937,23.98639115568124],[121.6040439917841,23.986390314069308],[121.60390661121561,23.986226136975045],[121.60376832180802,23.986073097302295],[121.6036226580752,23.985892400103953],[121.60349753396682,23.985728575285133],[121.60377938535144,23.985466470977531],[121.60443996672757,23.985920755307649],[121.60478808523885,23.985507947098437],[121.60494479555855,23.985612588632055],[121.60516217028692,23.985325419857194],[121.60524724128955,23.985371607470931],[121.60534717935198,23.98541384205063],[121.60544847338822,23.985443408584096],[121.60555779023738,23.985471234141311],[121.6056015173962,23.985477197800599],[121.60564032869743,23.985469876248146],[121.60566383566562,23.98544864414562],[121.60568506784698,23.985415279381769],[121.60569644178433,23.985378881787664],[121.60570554153135,23.985331109087184],[121.60572872282249,23.984713962732833],[121.60573866095442,23.98467421011377],[121.60580027586772,23.984582781250754],[121.60638705428958,23.984962518692285],[121.60682828249681,23.985255440021842],[121.60814779422503,23.986131416319346],[121.60875256772732,23.98653289495925],[121.60837429220852,23.987150521056641],[121.6081478221777,23.987487641297562],[121.60805005959941,23.987633170451595]]]},"properties":{"TOWN":"花蓮市","VILL":"國防里","FULL_":"花蓮縣花蓮市國防里"}},{"type":"Feature","geometry":{"type":"Polygon","coordinates":[[[121.59886287747068,23.972451958220386],[121.59854262708254,23.972748881257743],[121.59641005205448,23.974726055448997],[121.59620520211377,23.9745533204953],[121.59648765373502,23.97427857249421],[121.59612806857042,23.973835247110959],[121.59679527925012,23.973283083981944],[121.59616295810241,23.972629574463998],[121.59690926958143,23.971807372750067],[121.59739206188272,23.971275486214882],[121.60438508347272,23.96361432645536],[121.60480197591772,23.963552653308255],[121.60548247006577,23.963448218823725],[121.60562964866938,23.963427981483282],[121.60578810933605,23.963397289622062],[121.60598672574685,23.96334101262914],[121.60620548514751,23.963284644099161],[121.60635885479653,23.963247856226154],[121.60633807410125,23.963275708764019],[121.60259899102533,23.968287096756065],[121.60214363295729,23.968941788336437],[121.60159610322621,23.969491533238585],[121.60028676072538,23.970606411682017],[121.59898482654705,23.971714952316429],[121.59936162684164,23.971989538725204],[121.59886287747068,23.972451958220386]]]},"properties":{"TOWN":"花蓮市","VILL":"主安里","FULL_":"花蓮縣花蓮市主安里"}},{"type":"Feature","geometry":{"type":"Polygon","coordinates":[[[121.61134712739688,23.996175283062151],[121.61146583256539,23.996515572245123],[121.611537055951,23.996784638452066],[121.6115766247233,23.997022049760268],[121.61160827922332,23.997299029828298],[121.61160175765302,23.997546619395205],[121.61087098114518,24.000138007822471],[121.61015737785125,23.99946024724019],[121.61009598900287,23.999507020058736],[121.60919398398762,24.000304804329648],[121.60702061929892,24.001721840284908],[121.60478575609048,23.997132957827304],[121.60424833185111,23.99605139746178],[121.60494942431532,23.993207913518646],[121.60620485179268,23.988099723353791],[121.60654462431002,23.988131575293682],[121.60743262970252,23.987962084664176],[121.60805005959941,23.987633170451595],[121.60764344906033,23.988700681997525],[121.6076563301139,23.989087030456918],[121.60761497233625,23.98970746755375],[121.60783985140021,23.990459038794924],[121.60814789591542,23.991028608711868],[121.60816362428508,23.991057690945748],[121.60882828554331,23.992176626075683],[121.61072194354733,23.995257292164251],[121.61096726860173,23.995589668104191],[121.61118093942427,23.995898302797684],[121.61134712739688,23.996175283062151]]]},"properties":{"TOWN":"花蓮市","VILL":"國盛里","FULL_":"花蓮縣花蓮市國盛里"}},{"type":"Feature","geometry":{"type":"Polygon","coordinates":[[[121.57823226565225,23.991777985164784],[121.57923320356319,23.993479556699274],[121.57831411789623,23.993795734348936],[121.57900454158299,23.995067428889495],[121.57916371100508,23.995324914266352],[121.57939231562487,23.995404704708577],[121.57963847719886,23.995484425735476],[121.57977428401952,23.995552799379315],[121.58058882048927,23.996955815274447],[121.58097616876601,23.997049141100135],[121.58132937252444,23.997197891526326],[121.58164850310997,23.997417865019791],[121.58246832864921,23.998078303990646],[121.58234125693504,23.998194021733383],[121.57550157537386,24.004422059876806],[121.57405498213834,24.003701946450537],[121.57255749692693,24.002977371690893],[121.57102772042954,24.002136073382268],[121.56968910348826,24.001381670262333],[121.56835075559495,24.000685667256231],[121.56726867810976,24.000426811370431],[121.56586907022972,24.0002567410077],[121.5643083408437,23.999590730583037],[121.5626523797813,23.998954261380607],[121.56163378347333,23.998665924388167],[121.56109294834107,23.998580283256732],[121.56026725577804,23.998787752597977],[121.55940964270532,23.99896612603861],[121.55852828760904,23.999136765442469],[121.55858658514224,23.998585516250333],[121.55815859621826,23.998295765434914],[121.55824831697427,23.998239817483704],[121.55836493040819,23.998195346205836],[121.55891578958298,23.998024593626237],[121.55967150397829,23.997790577238728],[121.56042721561496,23.99755656800512],[121.56118292543293,23.997322555989907],[121.56154883302338,23.997209064563073],[121.56194366935556,23.99708852093287],[121.56268426377883,23.996854547043512],[121.5634311564411,23.996621721179245],[121.56416041573382,23.996388947554024],[121.56489597616506,23.996157300321023],[121.5656353098355,23.995925638383103],[121.56637464082098,23.995693980146434],[121.56710892911374,23.995461174054132],[121.5678432136697,23.995228354559853],[121.56858632134427,23.994997810366076],[121.56869696835405,23.994962718603574],[121.56933316528811,23.99475684699804],[121.56999707446091,23.994554346053757],[121.57066098145536,23.994351832336967],[121.57132235118192,23.994145867008985],[121.57205160352828,23.993915350569495],[121.57278085421532,23.993684836118227],[121.57309147041028,23.993587150873363],[121.57351387810844,23.993454308635858],[121.57424685607117,23.993213363482031],[121.57497982927076,23.992972414876593],[121.57571280065956,23.992731463711493],[121.57601578641363,23.992629721814652],[121.5762295309095,23.992563013266427],[121.57644194707549,23.992480113597775],[121.57718601297425,23.992185931308985],[121.57793763415276,23.99189287182509],[121.57823226565225,23.991777985164784]]]},"properties":{"TOWN":"花蓮市","VILL":"國興里","FULL_":"花蓮縣花蓮市國興里"}},{"type":"Feature","geometry":{"type":"Polygon","coordinates":[[[121.62805145721804,23.970023714014349],[121.62814684165541,23.969773163828116],[121.62807781456252,23.969663984756007],[121.62811137032119,23.969631455905724],[121.62827884956813,23.969469097193965],[121.63499624014094,23.979810270966357],[121.63482618419576,23.984629259258739],[121.63890533950863,23.993928421078223],[121.63895525900772,23.994042188780206],[121.63955087785631,23.995399837527543],[121.63992067675449,23.995962304055247],[121.64052110287081,23.996875422531286],[121.64074704312857,23.997413303411317],[121.6413987870437,23.998964856894283],[121.64205661683421,23.999706174620208],[121.64211128923075,23.999767786642199],[121.64220446255572,23.999722673913258],[121.64251268771383,23.999573646033305],[121.64253846613637,23.999389669262619],[121.64240162477816,23.999252433618608],[121.64208968056602,23.998939591873324],[121.64173007758872,23.99812174359128],[121.6414812547652,23.997764295717893],[121.6413579402911,23.99732686915846],[121.64167052267162,23.997408405265396],[121.64220492369888,23.998330395050608],[121.64292677584548,23.999322036330049],[121.64313851489914,23.999587230625359],[121.6438806739996,24.001717551748669],[121.64447590633839,24.003053799942055],[121.64491834854151,24.003744415932616],[121.64499018137248,24.003828382256142],[121.64525830625392,24.004065688666493],[121.64539249048595,24.004151739938379],[121.64555430325326,24.004283652276616],[121.64570361835698,24.004395916291731],[121.64574781700217,24.004498869625973],[121.64579604611448,24.004629905698028],[121.64586161648916,24.004742883459258],[121.6459373103831,24.004853649724325],[121.64602039194945,24.004966824503118],[121.64611223391131,24.005079969535089],[121.646210252855,24.005213857402399],[121.64632309959678,24.00536168514839],[121.64641135698133,24.005455243641428],[121.64648318806874,24.005571715188481],[121.64653897368169,24.005657104586316],[121.64660838931917,24.005759860089054],[121.64670127862078,24.005906327038183],[121.64677571156477,24.006007981401222],[121.64684636011712,24.006115257010084],[121.64693451693762,24.00622154584725],[121.64700642877058,24.006321946641535],[121.64706465745139,24.006408497505117],[121.64713544284214,24.006493913641449],[121.64718870178567,24.006575863393991],[121.64726180766807,24.006687742330111],[121.64732618713124,24.006805426821369],[121.64739545202859,24.006927696435479],[121.64745739487947,24.007028046096185],[121.64748677777258,24.007135127270356],[121.64755084713906,24.007305643605338],[121.64758153109311,24.007396733094016],[121.64760321412095,24.007537182501121],[121.6476342044505,24.007807637159868],[121.64766979831246,24.008023609238169],[121.64771736069454,24.00813467666682],[121.64776377534557,24.008325870257828],[121.64779282273075,24.008496165147118],[121.64790615438308,24.008942568234673],[121.64778977460962,24.00981623493681],[121.64744955677412,24.010344119497756],[121.64708410752621,24.010917977155287],[121.64669170233819,24.01195165921278],[121.64616960365829,24.01404304914583],[121.64580238632786,24.015042311735165],[121.64522213021422,24.01608691209081],[121.64492997020849,24.017086507519309],[121.64447679953913,24.01767147194251],[121.64438225876918,24.017805545510971],[121.64438078008882,24.017936060294243],[121.64434866489789,24.01808550082918],[121.64431312130333,24.018179571730062],[121.6442701141038,24.01827368393381],[121.64421046092376,24.018428729949196],[121.64415694336826,24.018596401825238],[121.64412519384648,24.018687124967798],[121.6440292169444,24.018860293447943],[121.64393840958404,24.018995623264253],[121.64386407012535,24.019098804992701],[121.64380847269041,24.01918827389477],[121.64373663325973,24.019289187765878],[121.64366356801699,24.019387749236138],[121.64357808029069,24.01946669098956],[121.64347913150304,24.019511088534188],[121.64333879890516,24.019565580117327],[121.64315341108815,24.019794598647401],[121.64212409343153,24.020458136244262],[121.64152051874332,24.020817411509668],[121.64109187739777,24.020291156850035],[121.63755199213253,24.015945152485788],[121.63754098658545,24.015751302881196],[121.63758713190995,24.015257137820026],[121.63394648210979,24.010754157339274],[121.6331480825845,24.009820570073131],[121.63123959305432,24.007588856064448],[121.63083957005936,24.007099567068124],[121.63033523352181,24.006274350046827],[121.63006095497003,24.005723951259611],[121.62972796781364,24.004858633186764],[121.62939666179172,24.003456225715059],[121.62931441856173,24.003004835685889],[121.62928776700406,24.00222755372404],[121.62927382834006,24.001712853017544],[121.62899405792312,24.000539158994297],[121.62899138813201,23.999990093671862],[121.62892882370359,23.999665387168697],[121.62876884388383,23.999374695880739],[121.62854853122715,23.999218721095023],[121.62838996848012,23.999219370998592],[121.62740814895102,23.998191268298957],[121.62654306889308,23.997285391753358],[121.62923688125785,23.995342290764992],[121.63070906144111,23.997075704852552],[121.63314852487981,23.997353540054966],[121.63598761432559,23.997676838853913],[121.63593502770937,23.998188548825553],[121.63593464886162,23.998190855552945],[121.63581215399965,23.998936208856861],[121.63561969061567,24.000221449948643],[121.63551058754445,24.00095099230629],[121.635405869831,24.001648912350838],[121.63608036017831,24.002522034765256],[121.63622433168467,24.002437910064451],[121.63669069582591,24.001212484902354],[121.63695985151118,24.000538623755119],[121.63699762762468,24.000488800791732],[121.63704395284996,24.00047957912469],[121.63710945418657,24.000479306965332],[121.63762982489307,24.000806743057023],[121.63771178211992,24.000871869322836],[121.63774742051082,24.000914613404348],[121.63778333040281,24.000979933862734],[121.63778377546521,24.001070233042118],[121.63756778306072,24.002184000083446],[121.63717732374116,24.004219473690874],[121.63772936591508,24.004867255158892],[121.63807725666763,24.005281192099964],[121.63821325197995,24.005190325027073],[121.6384038102654,24.004607180135665],[121.6386409894624,24.003926676713792],[121.63890044396945,24.003094916888461],[121.63917974684851,24.002245013645524],[121.63934583383966,24.001747666542038],[121.63955144452001,24.001128336966833],[121.63968972959536,24.001026170772697],[121.63936561281507,24.000648259332475],[121.63879987543231,24.000032145205523],[121.63885545620649,23.999894203886242],[121.63929900203468,24.000030065834348],[121.63934698892531,23.999930533717901],[121.64005281064262,24.000119479324006],[121.6408522239288,24.000348575199514],[121.64105426919399,24.000320640292195],[121.64107749313017,24.000230241289181],[121.64092975347761,24.00010904331857],[121.63943424186171,23.999672812398654],[121.63945585383092,23.999600480544341],[121.63931264099222,23.999558185423808],[121.63940281425616,23.999284649030745],[121.63834253708508,23.998661564316102],[121.63842289412938,23.998500946076174],[121.63888717803572,23.998684129000385],[121.63892373971275,23.998618508626588],[121.6382305307846,23.998239873805183],[121.63817423120861,23.998190990166794],[121.63817101637248,23.998188198173139],[121.63814346396664,23.998140994398383],[121.63830961092661,23.998034199792372],[121.63844274680643,23.998187067028724],[121.63845169816454,23.998191004413346],[121.63906799694468,23.998462137485408],[121.63986474212344,23.99884259372671],[121.6400953839443,23.998663287230443],[121.63998778885984,23.998462815869193],[121.63982945019805,23.998191069273989],[121.63982770066603,23.998188067141516],[121.63951385096198,23.997573161380085],[121.63898284964054,23.997832733479584],[121.63894815481312,23.997767409111059],[121.63947699053658,23.997512361668129],[121.63911126083391,23.996848007084111],[121.63811068068193,23.996737040858768],[121.63804736371034,23.99734448762651],[121.63800768476236,23.997649419959988],[121.63803063110043,23.997683185804867],[121.63812011561164,23.997795690227345],[121.63845508360633,23.997582088857154],[121.63849439076296,23.99762933302344],[121.63795899153602,23.997983735592374],[121.63768767321592,23.997657523008641],[121.6376899054347,23.997616877792137],[121.63776982370672,23.997614289021364],[121.63778938077866,23.99740425701048],[121.63789322465429,23.996663445628222],[121.63791516473501,23.996509843424864],[121.63800348208811,23.995859397583288],[121.63810986498942,23.995141060818675],[121.63813936195446,23.995138681678405],[121.63819434444089,23.995142967475683],[121.63822259302609,23.994838173781794],[121.63816083606478,23.994824886976513],[121.63822028894467,23.994370875854447],[121.63821315015699,23.994337042424224],[121.63804927082711,23.994014897657951],[121.63787134806908,23.993622918705988],[121.63749267652942,23.992811783126015],[121.63708577976556,23.991980536455738],[121.63702168992924,23.991838578139518],[121.63698780537719,23.991838718876487],[121.63695394274835,23.991744042858169],[121.63696471469363,23.991676271808036],[121.63652925419191,23.99080450697279],[121.63583097485557,23.989267948363171],[121.63543245020675,23.988436572463058],[121.63541730304537,23.988389316695127],[121.63542085124342,23.988368984450691],[121.63544716516365,23.988346300589249],[121.63555938417448,23.988302941444775],[121.63551767385987,23.988194753723221],[121.63535276367848,23.988254132233347],[121.63532987516109,23.9881819860733],[121.63549101650919,23.988147456261039],[121.63548723565268,23.988120381563064],[121.63531214274273,23.987624449307919],[121.6347258998122,23.986017437663651],[121.63412878331312,23.984421664386499],[121.63409064958451,23.98433152074773],[121.63409375157204,23.984236692947867],[121.63414575948579,23.982624779381499],[121.63417384670198,23.981457609571233],[121.63419587940631,23.980626835875128],[121.63423300142139,23.979732700306254],[121.63411957406139,23.979527823705727],[121.63374302652382,23.978938538295335],[121.63348794000846,23.978539466754576],[121.63347478696372,23.978518389949688],[121.633151503025,23.977996789146506],[121.63314822339279,23.977991671367143],[121.63007126228975,23.97318844496613],[121.62933632130715,23.972041117104958],[121.62912931162406,23.97213846231865],[121.62903162622946,23.971982781433002],[121.62922195144417,23.971857865341992],[121.62805145721804,23.970023714014349]]]},"properties":{"TOWN":"花蓮市","VILL":"民孝里","FULL_":"花蓮縣花蓮市民孝里"}},{"type":"Feature","geometry":{"type":"Polygon","coordinates":[[[121.6261524229575,23.991710301008677],[121.62224648292012,23.994511257632233],[121.62141269777887,23.996942988153169],[121.61644740470962,23.996150484190736],[121.616778412042,23.993845059448482],[121.6142813146383,23.992600048739895],[121.61425824561536,23.992580984707825],[121.61425214517729,23.992551722809971],[121.61430786459911,23.992238228436694],[121.61431105760846,23.99206259155611],[121.61425357625212,23.991899728465715],[121.61418332281301,23.991736864126],[121.61415458077097,23.991609126110237],[121.61415138840053,23.991414329458443],[121.61412264708693,23.991245079500658],[121.61405558578825,23.991063056699538],[121.61397255687525,23.990922546506965],[121.61383843507492,23.990769263934453],[121.61360531691015,23.990600013629937],[121.61337219904455,23.990501018575458],[121.6130528586872,23.990398829260691],[121.61275906635684,23.99032538202102],[121.61264348702593,23.990294108656574],[121.6126030108356,23.990268811478174],[121.61258424267399,23.990237614562812],[121.61260554141802,23.989874174734368],[121.61259795190969,23.989823580794258],[121.61257265526623,23.989778045327537],[121.61246893624444,23.989623732622825],[121.61244363951624,23.989575668041724],[121.61243351976238,23.989514955188707],[121.61242593063977,23.989411235877654],[121.61241581240924,23.989358112094603],[121.61240316281089,23.989322695734003],[121.6121350133302,23.988748449809378],[121.61211730509554,23.988690265601889],[121.61210971569028,23.988637141630996],[121.61212489367176,23.988581488002371],[121.61216284030493,23.988513185630456],[121.61220078641539,23.988452471428303],[121.61222102371222,23.988384170198369],[121.61221596389792,23.98833104606663],[121.61209706713359,23.987895933550664],[121.61207682928496,23.987850398561889],[121.61200852735649,23.987794744854273],[121.61196805126556,23.987756799317935],[121.61180867949749,23.987508886121333],[121.61179061360323,23.987472900786667],[121.61178395249645,23.987434830256252],[121.61178966225916,23.987403420920945],[121.6118048908923,23.987365349764229],[121.61183650562919,23.987331805521443],[121.61190733760331,23.987245795700236],[121.61193528545132,23.987193077111392],[121.61194765826025,23.987125499824639],[121.61194956220486,23.987043646625956],[121.61179855984648,23.986335096428952],[121.61173605235584,23.986187757251642],[121.61173784736273,23.985945518853132],[121.6116771343889,23.985080355353436],[121.61169262613573,23.984959473199851],[121.6117294781838,23.98488034830892],[121.61175549244203,23.984841328504992],[121.61179234385318,23.98480555934707],[121.61183244870681,23.984793636092302],[121.61188339218008,23.984792551646134],[121.6119408387584,23.984808810807806],[121.61198094282943,23.984833740396912],[121.61249254364567,23.985203350553846],[121.61260493379699,23.985093460059527],[121.61333176324608,23.984361955085301],[121.61354035973686,23.984123463021245],[121.6137055811448,23.983583252196457],[121.61370448540011,23.983352021137485],[121.61502315496556,23.984481257828765],[121.61517000054744,23.984604713709324],[121.61519160961878,23.981907180126633],[121.61604252369776,23.982310530542165],[121.61672884396314,23.982234973861548],[121.61789008410287,23.982060435896688],[121.61985512381816,23.984285027886123],[121.62192793969923,23.986735474705004],[121.6261524229575,23.991710301008677]]]},"properties":{"TOWN":"花蓮市","VILL":"民勤里","FULL_":"花蓮縣花蓮市民勤里"}},{"type":"Feature","geometry":{"type":"Polygon","coordinates":[[[121.61182878429686,23.996172940438036],[121.61134712739688,23.996175283062151],[121.61118093942427,23.995898302797684],[121.61096726860173,23.995589668104191],[121.61072194354733,23.995257292164251],[121.60882828554331,23.992176626075683],[121.60816362428508,23.991057690945748],[121.60814789591542,23.991028608711868],[121.60783985140021,23.990459038794924],[121.60761497233625,23.98970746755375],[121.6076563301139,23.989087030456918],[121.60764344906033,23.988700681997525],[121.60805005959941,23.987633170451595],[121.6081478221777,23.987487641297562],[121.60837429220852,23.987150521056641],[121.60875256772732,23.98653289495925],[121.60814779422503,23.986131416319346],[121.60682828249681,23.985255440021842],[121.60688635260055,23.984650130155082],[121.60710545432296,23.984057402763806],[121.60706189455344,23.983926051399081],[121.60712233300293,23.983077478413328],[121.60741411398037,23.982721207282889],[121.60713222164048,23.982536119086397],[121.60781156492278,23.981648497823592],[121.60814770899239,23.981874910664633],[121.60856996441905,23.982159323718193],[121.60929067605831,23.981262014213065],[121.61070079634362,23.979429000942957],[121.61195587731402,23.980273151887186],[121.61253146637732,23.980661595927664],[121.61273792228774,23.980831730494735],[121.61282012147045,23.98091966493427],[121.61286982421868,23.980992307180568],[121.61291379102485,23.981074507214586],[121.61306098624465,23.981391836349644],[121.61325425252248,23.981779339799289],[121.61332928003885,23.981875605905884],[121.61307352517841,23.981964136036986],[121.61357126355189,23.98339439556236],[121.61370448540011,23.983352021137485],[121.6137055811448,23.983583252196457],[121.61354035973686,23.984123463021245],[121.61333176324608,23.984361955085301],[121.61260493379699,23.985093460059527],[121.61249254364567,23.985203350553846],[121.61198094282943,23.984833740396912],[121.6119408387584,23.984808810807806],[121.61188339218008,23.984792551646134],[121.61183244870681,23.984793636092302],[121.61179234385318,23.98480555934707],[121.61175549244203,23.984841328504992],[121.6117294781838,23.98488034830892],[121.61169262613573,23.984959473199851],[121.6116771343889,23.985080355353436],[121.61173784736273,23.985945518853132],[121.61173605235584,23.986187757251642],[121.61179855984648,23.986335096428952],[121.61194956220486,23.987043646625956],[121.61194765826025,23.987125499824639],[121.61193528545132,23.987193077111392],[121.61190733760331,23.987245795700236],[121.61183650562919,23.987331805521443],[121.6118048908923,23.987365349764229],[121.61178966225916,23.987403420920945],[121.61178395249645,23.987434830256252],[121.61179061360323,23.987472900786667],[121.61180867949749,23.987508886121333],[121.61196805126556,23.987756799317935],[121.61200852735649,23.987794744854273],[121.61207682928496,23.987850398561889],[121.61209706713359,23.987895933550664],[121.61221596389792,23.98833104606663],[121.61222102371222,23.988384170198369],[121.61220078641539,23.988452471428303],[121.61216284030493,23.988513185630456],[121.61212489367176,23.988581488002371],[121.61210971569028,23.988637141630996],[121.61211730509554,23.988690265601889],[121.6121350133302,23.988748449809378],[121.61240316281089,23.989322695734003],[121.61241581240924,23.989358112094603],[121.61242593063977,23.989411235877654],[121.61243351976238,23.989514955188707],[121.61244363951624,23.989575668041724],[121.61246893624444,23.989623732622825],[121.61257265526623,23.989778045327537],[121.61259795190969,23.989823580794258],[121.61260554141802,23.989874174734368],[121.61258424267399,23.990237614562812],[121.6126030108356,23.990268811478174],[121.61264348702593,23.990294108656574],[121.61275906635684,23.99032538202102],[121.6130528586872,23.990398829260691],[121.61337219904455,23.990501018575458],[121.61360531691015,23.990600013629937],[121.61383843507492,23.990769263934453],[121.61397255687525,23.990922546506965],[121.61405558578825,23.991063056699538],[121.61412264708693,23.991245079500658],[121.61415138840053,23.991414329458443],[121.61415458077097,23.991609126110237],[121.61418332281301,23.991736864126],[121.61425357625212,23.991899728465715],[121.61431105760846,23.99206259155611],[121.61430786459911,23.992238228436694],[121.61425214517729,23.992551722809971],[121.61425824561536,23.992580984707825],[121.6142813146383,23.992600048739895],[121.616778412042,23.993845059448482],[121.61644740470962,23.996150484190736],[121.61182878429686,23.996172940438036]]]},"properties":{"TOWN":"花蓮市","VILL":"國光里","FULL_":"花蓮縣花蓮市國光里"}},{"type":"Feature","geometry":{"type":"Polygon","coordinates":[[[121.6078588097151,24.013582348574065],[121.60775497248542,24.013595824743625],[121.60752028561646,24.013630742079219],[121.60732258749182,24.013661582973899],[121.60714339815203,24.013693670367065],[121.60672922041306,24.013694010331104],[121.60649723521551,24.01369623685332],[121.60622680101204,24.013694699138483],[121.60589807949621,24.013707764100015],[121.60575577045296,24.013712253432306],[121.60554790242513,24.013697391102486],[121.6053001293815,24.013670920115288],[121.60505660285578,24.013639214876289],[121.60497257703388,24.013627781492112],[121.60476024556939,24.013569813039574],[121.60442678233784,24.013478334235845],[121.60424457561881,24.013472514628692],[121.60409511881591,24.013470494339856],[121.60387592508705,24.013468740563152],[121.60382045277932,24.013476814543417],[121.60347063560071,24.013546155299359],[121.6033953318429,24.013575209866481],[121.60318505108616,24.013657075786281],[121.60312252917903,24.013679533728059],[121.60286515152656,24.013732834584413],[121.60270018756344,24.013763540771915],[121.60255791892777,24.013777173584042],[121.60226333313449,24.013784869530017],[121.601973014194,24.013792546345538],[121.60172818351714,24.013786980541848],[121.60147761009172,24.013770980136155],[121.60091206272826,24.013659492592431],[121.60010998812245,24.01349012368954],[121.59987064582329,24.013438780507702],[121.59942472969929,24.013343813967641],[121.59926248359649,24.013345757666311],[121.59914437033223,24.013350138123858],[121.598982123265,24.013352089655967],[121.5984285127997,24.013363406971315],[121.59817234207073,24.013368327471188],[121.597968779382,24.013361283533154],[121.59759729147497,24.013358824596096],[121.59750618426378,24.013355259311567],[121.59735237803686,24.013334938116195],[121.59714730148416,24.013306988186471],[121.59696075289524,24.013285493952065],[121.59677846009906,24.013260073260838],[121.59664169225084,24.013230539294426],[121.59648212887417,24.013195874122289],[121.59630265771382,24.013165204021718],[121.5961446172596,24.013152753514049],[121.59600936331159,24.013142823683246],[121.59569898065004,24.013119199057318],[121.59555246004309,24.013136762386768],[121.59541163952272,24.013155611769179],[121.5953134631976,24.013162522172802],[121.59530351228385,24.01316517930146],[121.5952226290356,24.013220381252768],[121.59501265720162,24.013371506220899],[121.59485091016612,24.013485839226956],[121.59456842400915,24.013654229011109],[121.59442502169581,24.013733205061296],[121.59435115195255,24.013764858201593],[121.59407684580475,24.013852187015939],[121.59395033920522,24.013889273718902],[121.59393042321057,24.013891968474486],[121.59373536744516,24.0138770404536],[121.59359158817246,24.013871059310603],[121.5934662817241,24.013858481074543],[121.59328394572719,24.013823901655048],[121.59317283415228,24.013802108068713],[121.59306874917735,24.013760688350949],[121.59295317404684,24.01369579004816],[121.59286600178078,24.013616399117975],[121.5928459188911,24.013581182418722],[121.59281426300828,24.013504204210509],[121.59277679505303,24.013399790563692],[121.59271940716009,24.013296755055158],[121.59266934955424,24.013242058092818],[121.59265506980206,24.013231658356826],[121.59263226928995,24.013225208449896],[121.59257819460568,24.013228038717212],[121.59251132624287,24.013233523359958],[121.59229234728316,24.013280112772716],[121.59199937342098,24.013330914517791],[121.59196524453532,24.013337583507109],[121.5919368785587,24.013359904988988],[121.59189161079615,24.013422823085527],[121.59180666343171,24.013523791004431],[121.59168347062918,24.013666720930551],[121.59165087758824,24.013699514536665],[121.59158704692477,24.013748121529321],[121.5915402010162,24.013775752129948],[121.59150899830271,24.013800702961717],[121.59144967261207,24.013902872009528],[121.59140655784486,24.013980785541161],[121.59140557229254,24.013978927515318],[121.5911407791865,24.013479755433917],[121.59107425272867,24.012837459746279],[121.59113503883768,24.012223879885791],[121.59116469747052,24.011756454446935],[121.59068617965356,24.011407816657204],[121.5898901189229,24.011148019489816],[121.58844353459239,24.010657880675598],[121.58778449626244,24.010297380371181],[121.59019913402307,24.008119894066294],[121.59041540324455,24.007916347443565],[121.59062531210353,24.007674634024969],[121.59085430346161,24.007401117099921],[121.59108329400645,24.007095795224497],[121.59132500681534,24.006688700447942],[121.59153223293491,24.006225427471595],[121.59156533014885,24.00613992552023],[121.59160946109729,24.00607372885143],[121.59168393045869,24.005999259862723],[121.59179425463016,24.005908242678267],[121.59192664583921,24.005811707314837],[121.59211695737939,24.005701382597927],[121.59227692755537,24.005613121360053],[121.59352984032876,24.005175671897746],[121.5936232651911,24.005137881237467],[121.59370530301344,24.005098106651218],[121.5937649666517,24.00501855456039],[121.59379390058108,24.004929630833306],[121.59454360506696,24.002993036309039],[121.59573360842973,24.000903580060616],[121.5969257132185,24.00177143247857],[121.59829580718872,24.000499717057469],[121.60227424570698,23.99831587876966],[121.60250058343726,23.998192630707525],[121.60258272469061,23.998147903016122],[121.60334858463661,23.997795073301347],[121.60478575609048,23.997132957827304],[121.60702061929892,24.001721840284908],[121.60919398398762,24.000304804329648],[121.61009598900287,23.999507020058736],[121.61015737785125,23.99946024724019],[121.61087098114518,24.000138007822471],[121.61160175765302,23.997546619395205],[121.61160827922332,23.997299029828298],[121.6115766247233,23.997022049760268],[121.611537055951,23.996784638452066],[121.61146583256539,23.996515572245123],[121.61134712739688,23.996175283062151],[121.61182878429686,23.996172940438036],[121.61251168151612,23.998191887755052],[121.61303420156695,23.999736612607304],[121.6136757605352,24.002282818563884],[121.6137746020876,24.002406122407123],[121.61380869120067,24.002472942163013],[121.61381022001387,24.002475940065988],[121.61378762706639,24.002483632221118],[121.61375263234065,24.002540430708834],[121.61372909849028,24.00262493915254],[121.61370322515633,24.002748770207241],[121.61368094671161,24.002832109749974],[121.61365477505466,24.00289119160378],[121.61357814749915,24.002929665731759],[121.61348115162248,24.002920807053652],[121.61320264805431,24.002869886682173],[121.61291657410327,24.002815527939283],[121.61264688067409,24.002763422811647],[121.61245658012315,24.00272601658266],[121.61230285073424,24.002701204305581],[121.61217184594452,24.002689007068518],[121.61207615308601,24.002689388223324],[121.61200817170065,24.002691971087927],[121.61192886356012,24.002695754872214],[121.6118595923584,24.002691417400985],[121.61179528707602,24.002672007455928],[121.61169039831141,24.002589177383928],[121.61160814770584,24.0025004682931],[121.61153462140948,24.002392067725843],[121.61146474959565,24.002257061465151],[121.61137973692271,24.002115181999308],[121.61132142109595,24.002028688779369],[121.61125680926634,24.001942219733067],[121.61120872916665,24.001891531700565],[121.6111037633821,24.001791346426259],[121.61104690208526,24.001747636817758],[121.61099518312635,24.00172702965088],[121.61093727636104,24.001729581816935],[121.6108908530794,24.001765604710329],[121.61085595357089,24.001843221779573],[121.61083615135259,24.001918470821977],[121.61082276224811,24.002019116109572],[121.61081719333652,24.002177556137987],[121.61082665823605,24.002319747762524],[121.61087129429957,24.002718500247394],[121.6109011936219,24.002923045748965],[121.61093849534359,24.003095185634759],[121.61099726921931,24.003281123277119],[121.6110687716468,24.003497071166827],[121.6111542751909,24.003746487820663],[121.61118386086973,24.003882819567824],[121.61124476287324,24.004258381333781],[121.61128908306048,24.004587754247574],[121.61129339274756,24.004703365339161],[121.61131422362462,24.005127655911409],[121.61130929672929,24.005426011111695],[121.61127072465901,24.005526757712836],[121.61116702754749,24.005704099731187],[121.61110440758002,24.005778344770089],[121.6110266878849,24.005854977703141],[121.61096517639999,24.005895700880085],[121.61072780200624,24.006029630063331],[121.61060844756882,24.006087917833682],[121.61050415463139,24.006135745669919],[121.61039735346894,24.006185905740068],[121.61027919975128,24.006231467200337],[121.61014465541624,24.006272481678771],[121.61000883106107,24.006308866431958],[121.60980008667001,24.006369830668998],[121.60964166590949,24.006421342256605],[121.60952470194393,24.006451874680291],[121.60929582740494,24.006516385497335],[121.60915381119291,24.00657591976524],[121.6089816134872,24.006643682048971],[121.60886352472176,24.006704286670022],[121.60872540849364,24.006790405158945],[121.6086714274508,24.006826465533223],[121.60861251495865,24.006885668415016],[121.60855122432207,24.006976114617316],[121.60850627178739,24.007059551563955],[121.60847764947435,24.007133668721071],[121.6084340958278,24.007248312325128],[121.6084019336872,24.007375653653309],[121.60837349815912,24.00749139568633],[121.6083638058347,24.00757584748774],[121.60834592448255,24.007797939001581],[121.6083404830315,24.007986443886178],[121.60833991755106,24.008417765023083],[121.60834070479554,24.00859122325172],[121.608332554288,24.008738106917285],[121.60832304281411,24.008861872135622],[121.60830778972563,24.009108239990624],[121.60829225722199,24.009293320375676],[121.60829707382688,24.009522254402714],[121.60831062256528,24.009733810435399],[121.60833204685493,24.010015869694779],[121.60835291742501,24.010175370264346],[121.60840340463717,24.010479292176079],[121.6084253707396,24.010602932428167],[121.60848735451701,24.010943810408357],[121.60850545392732,24.011047807566413],[121.60854072122488,24.011327501203045],[121.60855781393487,24.011487006777038],[121.60859246415031,24.011908941960804],[121.60860191785348,24.012327508135094],[121.6085906772873,24.012509514136518],[121.60857962831524,24.012688375398085],[121.60856367282619,24.012779787372583],[121.60852378750275,24.01287013861559],[121.60847002455111,24.012954768047628],[121.60839488156223,24.013045257419808],[121.60833975452699,24.013106776515237],[121.60820055105606,24.013232212115934],[121.60807695315317,24.013352754143018],[121.60805078784132,24.013380294139054],[121.6078588097151,24.013582348574065]]]},"properties":{"TOWN":"花蓮市","VILL":"國強里","FULL_":"花蓮縣花蓮市國強里"}},{"type":"Feature","geometry":{"type":"Polygon","coordinates":[[[121.61831202094145,24.006235093774194],[121.61748211094788,24.007004197734506],[121.61708238325083,24.00736947891226],[121.61706119973822,24.007388836144962],[121.61701691029891,24.007315686342022],[121.61696239958822,24.007236114548821],[121.61690925084605,24.007178513465238],[121.61686248631496,24.007140545084084],[121.61674513422271,24.007085505636056],[121.61660387160721,24.007034038522423],[121.61655464420359,24.007007645475891],[121.6164927214305,24.006959328158381],[121.61644212773074,24.006909807712525],[121.61638892719678,24.006840641122739],[121.61635068614873,24.006739035590009],[121.61633501956243,24.006617680871663],[121.61632933777334,24.006476633008777],[121.61634141462805,24.006364412663043],[121.61635450144966,24.006197844996926],[121.61636147787404,24.00607176634011],[121.61636075066789,24.00591335341775],[121.61636145584814,24.00579193466886],[121.61634960416497,24.005678666516172],[121.61632517258241,24.005568913447821],[121.61629046417725,24.005415250153042],[121.61626218143812,24.005289334897249],[121.61621486366241,24.005131105624141],[121.61615968470507,24.004906996421372],[121.61609904205656,24.004590405678609],[121.61607459636939,24.004477185383781],[121.61601159633034,24.004195295228314],[121.61597559059636,24.004032398335735],[121.61586777131119,24.003587644786059],[121.61575995088823,24.00314290196258],[121.61570107261711,24.002934996765898],[121.61568300686582,24.002840253437611],[121.61568769808082,24.0027650672139],[121.61569119692956,24.002704928464691],[121.6156657857253,24.002655305670178],[121.61560025398087,24.002642854757752],[121.61549446702989,24.002638655612529],[121.61538110843337,24.00263101324272],[121.61528153355488,24.002608287232469],[121.61514279255455,24.002556819368657],[121.61499658048784,24.002523871392345],[121.61488564962966,24.002496568613239],[121.61482519252876,24.002492179073954],[121.61473202992184,24.002494873151313],[121.61455950540297,24.002489777062898],[121.61437060069024,24.002482443966635],[121.61425854071891,24.002482892066144],[121.61399030817867,24.002474730493567],[121.61383917260736,24.002466079810176],[121.61381022001387,24.002475940065988],[121.61380869120067,24.002472942163013],[121.6137746020876,24.002406122407123],[121.6136757605352,24.002282818563884],[121.61303420156695,23.999736612607304],[121.61251168151612,23.998191887755052],[121.61182878429686,23.996172940438036],[121.61644740470962,23.996150484190736],[121.62141269777887,23.996942988153169],[121.62133705598283,23.997128867791307],[121.62203143110091,23.997370997418237],[121.62175946680861,23.998191674809313],[121.6216372155412,23.998560578078056],[121.62238480375348,23.998777995713159],[121.62317756172321,23.999712848558776],[121.61962480049969,24.002275192797182],[121.61831202094145,24.006235093774194]]]},"properties":{"TOWN":"花蓮市","VILL":"民意里","FULL_":"花蓮縣花蓮市民意里"}},{"type":"Feature","geometry":{"type":"Polygon","coordinates":[[[121.59829580718872,24.000499717057469],[121.5969257132185,24.00177143247857],[121.59573360842973,24.000903580060616],[121.59454360506696,24.002993036309039],[121.59379390058108,24.004929630833306],[121.5937649666517,24.00501855456039],[121.59370530301344,24.005098106651218],[121.5936232651911,24.005137881237467],[121.59352984032876,24.005175671897746],[121.59227692755537,24.005613121360053],[121.59211695737939,24.005701382597927],[121.59192664583921,24.005811707314837],[121.59179425463016,24.005908242678267],[121.59168393045869,24.005999259862723],[121.59160946109729,24.00607372885143],[121.59156533014885,24.00613992552023],[121.59153223293491,24.006225427471595],[121.59132500681534,24.006688700447942],[121.59108329400645,24.007095795224497],[121.59085430346161,24.007401117099921],[121.59062531210353,24.007674634024969],[121.59041540324455,24.007916347443565],[121.59019913402307,24.008119894066294],[121.58778449626244,24.010297380371181],[121.58651342584477,24.009729838290937],[121.58597239750172,24.009615080747388],[121.58562120917125,24.009295145011741],[121.5851738473709,24.008800335907761],[121.58491764816628,24.008392415960749],[121.58437517538336,24.007956380206934],[121.58338759754309,24.00752203792532],[121.58314600062928,24.007428965343777],[121.58233657093261,24.007117136224174],[121.5814136427842,24.006916190875984],[121.58064784863433,24.006305747640571],[121.57902325706874,24.005610924735379],[121.57762266614061,24.005236516998899],[121.57574375935853,24.00454261585681],[121.57550157537386,24.004422059876806],[121.58234125693504,23.998194021733383],[121.58246832864921,23.998078303990646],[121.58164850310997,23.997417865019791],[121.58132937252444,23.997197891526326],[121.58097616876601,23.997049141100135],[121.58058882048927,23.996955815274447],[121.57977428401952,23.995552799379315],[121.57963847719886,23.995484425735476],[121.57939231562487,23.995404704708577],[121.57916371100508,23.995324914266352],[121.57900454158299,23.995067428889495],[121.57831411789623,23.993795734348936],[121.57923320356319,23.993479556699274],[121.57823226565225,23.991777985164784],[121.57868925276576,23.991599791552449],[121.57944213276261,23.991306710997954],[121.58019876725588,23.991008982372581],[121.58095539525122,23.990711250080842],[121.58115018558945,23.99062956466754],[121.58170946224786,23.990404267900711],[121.58193945218025,23.990310889615422],[121.58206212411108,23.990263687693567],[121.58243718542582,23.990119368381819],[121.58259800739066,23.99005014322611],[121.58271309805002,23.989999083386174],[121.58281479569895,23.989950708192442],[121.58289496778995,23.989920922043847],[121.58298508978822,23.989872666575767],[121.58312139372798,23.989826080167571],[121.58320878539409,23.989847629439542],[121.5832946445985,23.98995810117512],[121.58337740161825,23.990057293550318],[121.58342786301321,23.990117914676929],[121.58351623766178,23.990203127248204],[121.5836193916861,23.990285572941058],[121.58374919464252,23.990383904370532],[121.58386064959328,23.990465067746744],[121.58393874255694,23.990538206431765],[121.58408843460883,23.990723269269687],[121.5840985803013,23.990736228270514],[121.58426141487598,23.990944233015654],[121.58437094851612,23.991092718352146],[121.58444931153994,23.991227053428776],[121.58452979112502,23.991336895717758],[121.58463693238218,23.991446654389971],[121.58471802011776,23.991531147283816],[121.58479387271356,23.991600202884321],[121.58487408033672,23.991648860967196],[121.58496758235994,23.99168930132592],[121.58506101163501,23.991713414273786],[121.58517658859124,23.991721133993671],[121.58532545629657,23.991720568632303],[121.58539878879628,23.991722319429709],[121.58546326181359,23.991730225857054],[121.58551446627197,23.991752476247303],[121.58563253624928,23.991821381079681],[121.58578048536432,23.991931631398568],[121.5858964351859,23.992022989980196],[121.58600794732173,23.992116395206377],[121.58609039423472,23.992169118087777],[121.58617051124413,23.992197363353867],[121.5862661004961,23.99220720015358],[121.58639053738759,23.992208756916973],[121.58644631630396,23.992203285897002],[121.58656377414064,23.992191768640385],[121.58666584661397,23.992160778936672],[121.58674334178308,23.992099281196872],[121.58689155678204,23.991951835890887],[121.58694910989637,23.991902667979428],[121.58701781738134,23.991863642368866],[121.58713207239691,23.991799565831585],[121.58725624543997,23.991741962239821],[121.58759421929774,23.992293475641173],[121.588165408714,23.992042439592801],[121.58819423963793,23.992030086240963],[121.58821174191993,23.992017937053653],[121.58822082073965,23.992011628698897],[121.58823184753601,23.991993229004336],[121.58823177729026,23.991976904359067],[121.58822278815825,23.991954501107266],[121.5880326377554,23.991667611998302],[121.58768104781123,23.991115122359247],[121.58819308173216,23.990837756926023],[121.58910714012514,23.990329243638584],[121.5894573942836,23.990644066768475],[121.58985551631318,23.990401065586358],[121.58990922981995,23.990368925196698],[121.59045222051658,23.991265405781533],[121.59105312079576,23.9921341299316],[121.59160018083062,23.99274497579782],[121.59454750546152,23.996072561487264],[121.59551857149181,23.997246309293722],[121.59632694503286,23.998193305986913],[121.59829580718872,24.000499717057469]]]},"properties":{"TOWN":"花蓮市","VILL":"國慶里","FULL_":"花蓮縣花蓮市國慶里"}},{"type":"Feature","geometry":{"type":"Polygon","coordinates":[[[121.57976067267015,24.018953945402316],[121.57969621145868,24.018975975030887],[121.5796329888943,24.018979827689261],[121.57950391400318,24.018988794326251],[121.57924447100005,24.019012753766837],[121.57917597528365,24.019015432503334],[121.57899300687893,24.019053622389958],[121.57884691716652,24.019088043903949],[121.57866004472992,24.019137135607249],[121.57805929226102,24.019141814705456],[121.57772595284483,24.019138232117715],[121.57761393763387,24.019131387648436],[121.57726998705108,24.019110904294543],[121.57726977244442,24.01906129751579],[121.57727762549723,24.019049170546722],[121.57728684581109,24.019049134006067],[121.57729263161627,24.019049113112406],[121.57730924391925,24.019049049625565],[121.5773223495512,24.019033281234648],[121.57735361045705,24.01895089798548],[121.57735475430393,24.018910974470529],[121.57730151091251,24.018785353403633],[121.57724031495201,24.018648880221789],[121.5771712140651,24.018512438590392],[121.57712745786671,24.0184484848916],[121.57711871330648,24.018435515707107],[121.57705585387468,24.018342292483773],[121.57700783850275,24.018206970450404],[121.57694667254449,24.018077748408871],[121.576933252961,24.018020942654893],[121.57699195428498,24.017886437752917],[121.57701289222331,24.017853700123229],[121.57704176017114,24.017826974101045],[121.57708508423644,24.017791741355843],[121.57729666300706,24.017668752532551],[121.57740703460921,24.017600588448833],[121.57755801989504,24.017480256433036],[121.57761112990205,24.017271986251259],[121.57766470642956,24.017170158301379],[121.57772895591562,24.017099760642001],[121.57778807225765,24.017060828475184],[121.57791043078417,24.017022860504706],[121.57804325682609,24.016967930336886],[121.57816693874162,24.016931166188311],[121.57822613944063,24.016911585022534],[121.57842450177097,24.016778981430981],[121.57849404287448,24.016713392326089],[121.5785281484093,24.016679387644388],[121.57855142233818,24.016577674684992],[121.57854872845232,24.016564373033418],[121.57850231290332,24.016494394600983],[121.57849961460256,24.016479884851439],[121.57853058533244,24.016330965012106],[121.57854778778589,24.016287342070846],[121.57858867711433,24.016237835632861],[121.57862003637975,24.016178196425681],[121.5786385284086,24.016067787374865],[121.57864185307086,24.015959768747113],[121.57863020455628,24.015898847235768],[121.5786129104735,24.015848383044535],[121.57857094836528,24.015796281073072],[121.57847577409014,24.015723477239774],[121.57827195632707,24.015534360400082],[121.57818061453074,24.015470246112006],[121.57797917440779,24.015390871340927],[121.57783860673889,24.015349586037814],[121.57781009689691,24.01533750403971],[121.57758354093865,24.015153692689427],[121.57742945298081,24.015056711357083],[121.57740088291948,24.015030679313622],[121.57731489404642,24.014888160486283],[121.57729012504568,24.014863864874343],[121.57721391719036,24.014789247041225],[121.57716035093343,24.014686658863571],[121.57713146240113,24.014587473864427],[121.5771272980995,24.014502126088122],[121.577153449181,24.014407960854761],[121.57719647565612,24.014268432301353],[121.57722422831439,24.014106315893756],[121.57721257189515,24.014043652534113],[121.57716289240547,24.013961952425991],[121.57710190541853,24.013897730366232],[121.57695913959526,24.013786776454197],[121.5768868684148,24.013745233122616],[121.57678607333891,24.01368812322157],[121.57665100206137,24.013601526264562],[121.57659189801076,24.013533812518649],[121.57655353161213,24.013436394851972],[121.57652057220575,24.01327276607703],[121.57650312899737,24.013187478143205],[121.57632557907567,24.012930315497364],[121.57621845264735,24.01272514921747],[121.57611683546362,24.01247816571718],[121.57605289962373,24.012171790538119],[121.57604902216325,24.012152645028483],[121.57603757980779,24.01213875498641],[121.57599567129554,24.012098841545662],[121.57583359683801,24.011909565258691],[121.57562913797588,24.011570634528105],[121.57557927834856,24.011447128160135],[121.5755634143313,24.01128866195112],[121.57552497490144,24.011173837646758],[121.57546950002489,24.01106778059167],[121.57544637250199,24.01098424745701],[121.57543252678947,24.01085364516047],[121.57539050362566,24.010787601293568],[121.57524898241996,24.010525082170957],[121.57512882745478,24.010377463132212],[121.57499355655645,24.010243822912276],[121.5748868011878,24.010124024022193],[121.57473950653781,24.009842359621437],[121.5745749876841,24.00952592292791],[121.57443404853485,24.009397540395611],[121.57421875839646,24.009184064596774],[121.57405094519508,24.008982627280346],[121.57396661665034,24.008784334497843],[121.57379044012457,24.008403489637427],[121.5737006396128,24.00825574763256],[121.57349262118277,24.007969097451003],[121.57344877923992,24.007920483573422],[121.57317669171778,24.007733348457716],[121.57287048257568,24.007551579140735],[121.5728457226115,24.007529036202882],[121.57282475750952,24.007506460118933],[121.57279984436605,24.007447321229517],[121.57278835452037,24.007422975212666],[121.57273122550957,24.007372669923804],[121.57262837354882,24.007277235588543],[121.57254666688446,24.007246191166441],[121.57247080238486,24.007249960694867],[121.5724196360662,24.007262341272302],[121.57235715437086,24.007290456042988],[121.57230989459053,24.007328944568417],[121.57215695963293,24.007496754623777],[121.57197960212228,24.007720393317825],[121.57181170684866,24.007938780306738],[121.57176473915004,24.008045220027455],[121.57168485337023,24.008310833019276],[121.57166168002693,24.008421105375781],[121.57169436924383,24.00871456009817],[121.57170325971978,24.008875131382837],[121.57172324244736,24.009073285335965],[121.57171678608641,24.009159891036298],[121.57169558866853,24.009314280228196],[121.57169312397662,24.009375767876744],[121.57168374852948,24.009419722991339],[121.57164863593384,24.009515201167655],[121.57156071509661,24.009721298738576],[121.57151193438001,24.009815574585481],[121.5714249356442,24.009918777465931],[121.57138708667132,24.010013012520247],[121.57137503300382,24.010069518342924],[121.57137666492983,24.010130992518146],[121.57140482273525,24.010324103867045],[121.5714414650394,24.010583684098762],[121.57012626622767,24.010395347249528],[121.57012865822875,24.010316305195971],[121.57012791275417,24.010143164586175],[121.57011895972126,24.009967538946515],[121.57009790118418,24.009835882091426],[121.57006883449786,24.009749426624303],[121.57002471446748,24.009656743664252],[121.56999441682828,24.009601642368921],[121.56996969382179,24.009571628018577],[121.56989006181232,24.009481588999883],[121.56976788153486,24.009346540996571],[121.56966359027099,24.009241538110953],[121.56962787867255,24.009197753372202],[121.56954245667947,24.009032464998022],[121.56946391019427,24.008877174416867],[121.5693716087344,24.008700614071394],[121.56933853340436,24.008634237267472],[121.56931903208987,24.008547745202627],[121.56930751415483,24.008411031588949],[121.56931506105269,24.008259185444462],[121.56929429747672,24.00819652720141],[121.5692231683492,24.007859295340669],[121.56918674337211,24.00764990550277],[121.56913645247336,24.00739288536305],[121.5690550501437,24.007208755699978],[121.56894722628029,24.006916822464536],[121.56882038139133,24.006650047542916],[121.56876119651984,24.006548651725357],[121.56869646056424,24.006427185444139],[121.56863314769481,24.006319521414881],[121.56855196891127,24.006186829465999],[121.56849682237478,24.00607160467403],[121.56844267614566,24.00587106487967],[121.5684246357568,24.005805887155073],[121.56841005538091,24.005592659873848],[121.56841268403019,24.005568812848409],[121.56845036599803,24.005435680974813],[121.56846101028951,24.00536914903973],[121.56848753046155,24.005182108638493],[121.5685008409346,24.005100508694053],[121.56851608355102,24.004833211874161],[121.56849539716985,24.004788124160441],[121.56846241766316,24.004744335289772],[121.5684212861682,24.004710622606364],[121.56831446995987,24.004653303496134],[121.56823507869004,24.004618454943412],[121.56800802622836,24.004559079210463],[121.56764007853606,24.004777488610699],[121.5675706281463,24.004830439684529],[121.56743595289075,24.004966431505121],[121.56741840211927,24.005015435130652],[121.56740373123169,24.00509828787288],[121.56738374019456,24.005215039041651],[121.56736648056277,24.005331787321403],[121.56734892319204,24.005379526863894],[121.56728303423296,24.005625673026781],[121.56726810212642,24.005648312299567],[121.56717950884961,24.005697577855017],[121.56703355768293,24.005753324549346],[121.56694487815786,24.005782497447232],[121.56692444817438,24.005797626605183],[121.56689045869815,24.005836650407993],[121.56671782891448,24.006043039633965],[121.56666764429981,24.006128550878561],[121.56655505738678,24.006318410196176],[121.56651844665623,24.00638378199567],[121.56647394886934,24.006520704708116],[121.5664564540038,24.006583502939435],[121.56644301871749,24.006636249228208],[121.56634467357465,24.006961557163027],[121.56630304023936,24.00712983602962],[121.5662897087372,24.00720766433632],[121.5662803729773,24.007260400882036],[121.56620858930697,24.00740745672811],[121.56609487563298,24.007653788934785],[121.56600556727595,24.00785611166248],[121.56597444466829,24.007926483341095],[121.56596640255975,24.007962891970941],[121.56595165267036,24.008028191948402],[121.56592620505761,24.008147481318954],[121.56588998079283,24.008303180374796],[121.56587670482152,24.00839355912208],[121.5642541733791,24.007896140097746],[121.56409136378267,24.007807693496122],[121.56401068955593,24.007787184184544],[121.56375849131381,24.007701376674905],[121.56358574375371,24.007644207364727],[121.56331975459283,24.007572326918186],[121.56300087724527,24.00749949534282],[121.56287984320957,24.007462938743252],[121.56272353183536,24.007421884947792],[121.56246755285733,24.007334936126405],[121.56231603972348,24.007237217330982],[121.56227931416112,24.007187626008566],[121.5622513610391,24.007128760133881],[121.5622170733364,24.007060669699886],[121.56217404744794,24.007009946611582],[121.56209304323521,24.006911952742737],[121.5620117255832,24.006739971367008],[121.56192520502287,24.006528695536076],[121.56190108966574,24.00648368358878],[121.56178196116804,24.006302586551989],[121.56167425106688,24.00614225916312],[121.56152446784185,24.005859522369501],[121.56143065233461,24.005709547431724],[121.56134960342477,24.005601157886911],[121.56125977921664,24.005500884337408],[121.5611021173556,24.005437867346426],[121.56079309231842,24.005311802605593],[121.56035787332472,24.005120302847313],[121.56020271738574,24.005053799481782],[121.55996682969811,24.004952912094403],[121.55981804459179,24.004904886964059],[121.55960123836394,24.004849018852479],[121.55949284635595,24.004823978073585],[121.55941461776473,24.004786104895707],[121.5592644159731,24.00469993747592],[121.55924423506588,24.00469191273012],[121.55917111184354,24.004670211208936],[121.5590538336814,24.004627857273192],[121.55890118616338,24.004559040952806],[121.55885069609444,24.004530315050417],[121.55879142059194,24.004507406214991],[121.55866664228441,24.004477794352411],[121.55851795403333,24.004451743963429],[121.55847929916413,24.004440361608893],[121.5584170988684,24.004422045643064],[121.55831876588564,24.004393499236308],[121.55824821688117,24.004384491194703],[121.55814470881616,24.004381401722405],[121.5580624443101,24.004364296346342],[121.55797881052528,24.004339409054239],[121.55788230735867,24.004296393499587],[121.55771917371254,24.004221019151984],[121.5576942976478,24.004144793223769],[121.55770136089318,24.004028560628146],[121.55770362506247,24.004021629638679],[121.55772482712094,24.003956721338152],[121.55789809166504,24.003446432908088],[121.55793001891891,24.003352403121877],[121.55814471852749,24.002763668859355],[121.55852828760904,23.999136765442469],[121.55940964270532,23.99896612603861],[121.56026725577804,23.998787752597977],[121.56109294834107,23.998580283256732],[121.56163378347333,23.998665924388167],[121.5626523797813,23.998954261380607],[121.5643083408437,23.999590730583037],[121.56586907022972,24.0002567410077],[121.56726867810976,24.000426811370431],[121.56835075559495,24.000685667256231],[121.56968910348826,24.001381670262333],[121.57102772042954,24.002136073382268],[121.57255749692693,24.002977371690893],[121.57405498213834,24.003701946450537],[121.57550157537386,24.004422059876806],[121.57574375935853,24.00454261585681],[121.57762266614061,24.005236516998899],[121.57902325706874,24.005610924735379],[121.58064784863433,24.006305747640571],[121.5814136427842,24.006916190875984],[121.58233657093261,24.007117136224174],[121.58314600062928,24.007428965343777],[121.58338759754309,24.00752203792532],[121.58437517538336,24.007956380206934],[121.58491764816628,24.008392415960749],[121.5851738473709,24.008800335907761],[121.58562120917125,24.009295145011741],[121.58597239750172,24.009615080747388],[121.58651342584477,24.009729838290937],[121.58778449626244,24.010297380371181],[121.58844353459239,24.010657880675598],[121.5898901189229,24.011148019489816],[121.59068617965356,24.011407816657204],[121.59116469747052,24.011756454446935],[121.59113503883768,24.012223879885791],[121.59107425272867,24.012837459746279],[121.5911407791865,24.013479755433917],[121.59140557229254,24.013978927515318],[121.59140655784486,24.013980785541161],[121.59134095021173,24.014099352407431],[121.59125064753439,24.014277440443927],[121.59120529536499,24.014320747161932],[121.5911371087206,24.014351069411898],[121.59099346939074,24.014376454676455],[121.59086403312389,24.014395255106127],[121.59074600408354,24.014419232163657],[121.59059243735241,24.014452501727476],[121.59047437436934,24.014468637717449],[121.59025239978284,24.014482568911312],[121.59005979666981,24.014496021924522],[121.5898810527956,24.014511754509726],[121.58976018993147,24.014516839910112],[121.58973749793432,24.014511142195786],[121.58959240618854,24.014448107499337],[121.58927321436612,24.014311737606242],[121.58893265692822,24.014184695079525],[121.58877648369362,24.014178352536003],[121.58867825410724,24.014176419283579],[121.58841252760035,24.01417050434587],[121.58822490974784,24.014172390218711],[121.58799324941131,24.014181367557455],[121.58776535892085,24.014188021311963],[121.58749336818384,24.014189064164206],[121.58726800215568,24.014196863245736],[121.58676811453165,24.014203399060918],[121.58642556542524,24.014194299419767],[121.58605401942285,24.01417722962513],[121.58592810143409,24.014178867712943],[121.58572789100027,24.014180789641586],[121.58561329154647,24.014178914275487],[121.58554656541786,24.01418148070729],[121.58551637114701,24.014187375682297],[121.58531762752611,24.014236702227144],[121.5852408912843,24.014254332320782],[121.5850874815961,24.014303486355168],[121.58482969401683,24.014384252666897],[121.58473164331207,24.014422782569408],[121.58466631238662,24.014456558298768],[121.58452936655279,24.014527627056882],[121.58440004330758,24.014613681359751],[121.58430081477694,24.01467071730691],[121.58425442015429,24.014715986227351],[121.58410400598535,24.014873821015655],[121.58403254863238,24.014946942189159],[121.58393105457505,24.015061801691598],[121.58375203391259,24.015301839024673],[121.58369948009904,24.015378355271004],[121.583584346005,24.015541835706518],[121.58345172780844,24.015738915428983],[121.5833904305923,24.015831654292388],[121.58327901256193,24.015981241503656],[121.58315606041477,24.016136129351029],[121.58312311252202,24.016174122468339],[121.58303871579204,24.016263758149414],[121.58299250935549,24.016336818895116],[121.58285764260944,24.016476813849387],[121.58268192322414,24.016662194213623],[121.58254432123333,24.016802203811135],[121.58246114418716,24.016870372932374],[121.58230978900822,24.016995344921568],[121.58213922398812,24.017107829155091],[121.58194943385439,24.017205306468117],[121.58179930129441,24.017296349544221],[121.58163964779791,24.017401253288153],[121.58133396856105,24.017597173980192],[121.5812821004119,24.017627537438152],[121.58108141603833,24.017737614693715],[121.58105279271874,24.017764117514304],[121.58092193811186,24.017882723359392],[121.5808088298955,24.017991223120902],[121.58074202746681,24.018049272489328],[121.58061925726405,24.018138964694881],[121.5805470031046,24.018202065730677],[121.58042178972526,24.018359601043244],[121.58029932690876,24.018519648610059],[121.58024091133902,24.018617892191543],[121.58022186666545,24.01864434504618],[121.58005277108093,24.018780697462407],[121.57995734705879,24.018865247313776],[121.57976067267015,24.018953945402316]]]},"properties":{"TOWN":"花蓮市","VILL":"國福里","FULL_":"花蓮縣花蓮市國福里"}},{"type":"Feature","geometry":{"type":"Polygon","coordinates":[[[121.61444366149594,23.975724394262599],[121.61367050036358,23.97618069287962],[121.61245241237452,23.974728505274637],[121.61239847588541,23.974764331034518],[121.61155590639484,23.974222069264478],[121.61091121457096,23.973768048137973],[121.60994121878055,23.975008562674649],[121.6093075822702,23.974599030437126],[121.609281247658,23.973645423464458],[121.60962409011036,23.973189232515747],[121.60978068777766,23.972980860498225],[121.60896294270705,23.972469385312866],[121.6107842844542,23.97015161485627],[121.61144726689476,23.970219363477774],[121.61205522178797,23.970251211621786],[121.61249598226969,23.970311723549305],[121.61295360953422,23.970356598582221],[121.61372090552912,23.970287946297486],[121.6142862276144,23.970237366298619],[121.61429866865932,23.970259363253934],[121.61446652355819,23.970527540307131],[121.61447075037808,23.970534291719105],[121.61461329375494,23.9707332947232],[121.61470842366452,23.970916063272696],[121.61477525436358,23.971027604923172],[121.61485177005365,23.97118162653215],[121.61494924345418,23.971396537817931],[121.6152036002036,23.971911450337597],[121.61535030645298,23.972252755082611],[121.6154934821628,23.972567636149051],[121.61551901300021,23.972686991749679],[121.61560685235364,23.972835388320927],[121.61583604478732,23.973204649369642],[121.61593814083197,23.973304634131978],[121.61577647316878,23.973414097231178],[121.61443863291902,23.974319922425281],[121.61517322516453,23.975257877536819],[121.61444366149594,23.975724394262599]]]},"properties":{"TOWN":"花蓮市","VILL":"民主里","FULL_":"花蓮縣花蓮市民主里"}}]}